2026-08-26 10:38:53.704 [HikariPool-3 housekeeper] WARN  com.zaxxer.hikari.pool.HikariPool - HikariPool-3 - Thread starvation or clock leap detected (housekeeper delta=19h14m940ms792µs200ns).
2026-08-26 10:39:19.935 [RMI TCP Connection(65)-127.0.0.1] INFO  o.s.b.a.SpringApplicationAdminMXBeanRegistrar$SpringApplicationAdmin - Application shutdown requested.
2026-08-26 10:39:19.937 [RMI TCP Connection(65)-127.0.0.1] INFO  o.a.coyote.http11.Http11NioProtocol - Stopping ProtocolHandler ["http-nio-8082"]
2026-08-26 10:39:19.955 [RMI TCP Connection(65)-127.0.0.1] INFO  o.s.o.j.LocalContainerEntityManagerFactoryBean - Closing JPA EntityManagerFactory for persistence unit 'default'
2026-08-26 10:39:19.956 [RMI TCP Connection(65)-127.0.0.1] INFO  com.zaxxer.hikari.HikariDataSource - HikariPool-3 - Shutdown initiated...
2026-08-26 10:39:19.959 [RMI TCP Connection(65)-127.0.0.1] INFO  com.zaxxer.hikari.HikariDataSource - HikariPool-3 - Shutdown completed.
2026-08-26 10:44:34.221 [background-preinit] INFO  o.h.validator.internal.util.Version - HV000001: Hibernate Validator 8.0.1.Final
2026-08-26 10:44:34.261 [restartedMain] INFO  com.doctorapp.DoctorAppApplication - Starting DoctorAppApplication using Java 21.0.11 with PID 9552 (C:\Users\ashis\doctor appointment\doctorapp-backend\target\classes started by ashis in C:\Users\ashis\doctor appointment\doctorapp-backend)
2026-08-26 10:44:34.261 [restartedMain] DEBUG com.doctorapp.DoctorAppApplication - Running with Spring Boot v3.3.4, Spring v6.1.13
2026-08-26 10:44:34.262 [restartedMain] INFO  com.doctorapp.DoctorAppApplication - No active profile set, falling back to 1 default profile: "default"
2026-08-26 10:44:34.325 [restartedMain] INFO  o.s.b.d.e.DevToolsPropertyDefaultsPostProcessor - Devtools property defaults active! Set 'spring.devtools.add-properties' to 'false' to disable
2026-08-26 10:44:34.325 [restartedMain] INFO  o.s.b.d.e.DevToolsPropertyDefaultsPostProcessor - For additional web related logging consider setting the 'logging.level.web' property to 'DEBUG'
2026-08-26 10:44:35.300 [restartedMain] INFO  o.s.d.r.c.RepositoryConfigurationDelegate - Bootstrapping Spring Data JPA repositories in DEFAULT mode.
2026-08-26 10:44:35.410 [restartedMain] INFO  o.s.d.r.c.RepositoryConfigurationDelegate - Finished Spring Data repository scanning in 102 ms. Found 11 JPA repository interfaces.
2026-08-26 10:44:36.177 [restartedMain] INFO  o.s.b.w.e.tomcat.TomcatWebServer - Tomcat initialized with port 8082 (http)
2026-08-26 10:44:36.189 [restartedMain] INFO  o.a.coyote.http11.Http11NioProtocol - Initializing ProtocolHandler ["http-nio-8082"]
2026-08-26 10:44:36.192 [restartedMain] INFO  o.a.catalina.core.StandardService - Starting service [Tomcat]
2026-08-26 10:44:36.193 [restartedMain] INFO  o.a.catalina.core.StandardEngine - Starting Servlet engine: [Apache Tomcat/10.1.30]
2026-08-26 10:44:36.245 [restartedMain] INFO  o.a.c.c.C.[Tomcat].[localhost].[/] - Initializing Spring embedded WebApplicationContext
2026-08-26 10:44:36.245 [restartedMain] INFO  o.s.b.w.s.c.ServletWebServerApplicationContext - Root WebApplicationContext: initialization completed in 1920 ms
2026-08-26 10:44:36.421 [restartedMain] INFO  o.h.jpa.internal.util.LogHelper - HHH000204: Processing PersistenceUnitInfo [name: default]
2026-08-26 10:44:36.497 [restartedMain] INFO  org.hibernate.Version - HHH000412: Hibernate ORM core version 6.5.3.Final
2026-08-26 10:44:36.545 [restartedMain] INFO  o.h.c.i.RegionFactoryInitiator - HHH000026: Second-level cache disabled
2026-08-26 10:44:36.934 [restartedMain] INFO  o.s.o.j.p.SpringPersistenceUnitInfo - No LoadTimeWeaver setup: ignoring JPA class transformer
2026-08-26 10:44:36.972 [restartedMain] INFO  com.zaxxer.hikari.HikariDataSource - HikariPool-1 - Starting...
2026-08-26 10:44:37.153 [restartedMain] INFO  com.zaxxer.hikari.pool.HikariPool - HikariPool-1 - Added connection com.mysql.cj.jdbc.ConnectionImpl@58d67829
2026-08-26 10:44:37.155 [restartedMain] INFO  com.zaxxer.hikari.HikariDataSource - HikariPool-1 - Start completed.
2026-08-26 10:44:37.220 [restartedMain] WARN  org.hibernate.orm.deprecation - HHH90000025: MySQLDialect does not need to be specified explicitly using 'hibernate.dialect' (remove the property setting and it will be selected by default)
2026-08-26 10:44:38.907 [restartedMain] INFO  o.h.e.t.j.p.i.JtaPlatformInitiator - HHH000489: No JTA platform available (set 'hibernate.transaction.jta.platform' to enable JTA platform integration)
2026-08-26 10:44:38.976 [restartedMain] DEBUG org.hibernate.SQL - 
    alter table appointment_slots 
       modify column status enum ('AVAILABLE','BOOKED','CANCELLED','LOCKED') not null
2026-08-26 10:44:39.033 [restartedMain] DEBUG org.hibernate.SQL - 
    alter table appointments 
       modify column payment_status enum ('NOT_REQUIRED','PAID','PENDING','REFUNDED') not null
2026-08-26 10:44:39.051 [restartedMain] DEBUG org.hibernate.SQL - 
    alter table appointments 
       modify column status enum ('BOOKED','CANCELLED','COMPLETED','NO_SHOW') not null
2026-08-26 10:44:39.066 [restartedMain] DEBUG org.hibernate.SQL - 
    alter table doctor_availability 
       modify column day_of_week enum ('FRIDAY','MONDAY','SATURDAY','SUNDAY','THURSDAY','TUESDAY','WEDNESDAY') not null
2026-08-26 10:44:39.076 [restartedMain] DEBUG org.hibernate.SQL - 
    alter table doctor_clinic_associations 
       modify column initiated_by enum ('CLINIC','DOCTOR') not null
2026-08-26 10:44:39.090 [restartedMain] DEBUG org.hibernate.SQL - 
    alter table doctor_clinic_associations 
       modify column status enum ('APPROVED','PENDING','REJECTED','REMOVED') not null
2026-08-26 10:44:39.105 [restartedMain] DEBUG org.hibernate.SQL - 
    alter table doctors 
       modify column gender enum ('FEMALE','MALE','OTHER')
2026-08-26 10:44:39.159 [restartedMain] DEBUG org.hibernate.SQL - 
    alter table patients 
       modify column gender enum ('FEMALE','MALE','OTHER')
2026-08-26 10:44:39.177 [restartedMain] DEBUG org.hibernate.SQL - 
    alter table ratings 
       modify column status enum ('FLAGGED','HIDDEN','VISIBLE') not null
2026-08-26 10:44:39.191 [restartedMain] DEBUG org.hibernate.SQL - 
    alter table users 
       modify column role enum ('ADMIN','CLINIC_ADMIN','DOCTOR','PATIENT') not null
2026-08-26 10:44:39.402 [restartedMain] INFO  o.s.o.j.LocalContainerEntityManagerFactoryBean - Initialized JPA EntityManagerFactory for persistence unit 'default'
2026-08-26 10:44:39.964 [restartedMain] DEBUG c.doctorapp.security.JwtAuthFilter - Filter 'jwtAuthFilter' configured for use
2026-08-26 10:44:40.076 [restartedMain] INFO  o.s.d.j.r.query.QueryEnhancerFactory - Hibernate is in classpath; If applicable, HQL parser will be used.
2026-08-26 10:44:41.313 [restartedMain] INFO  o.s.s.c.a.a.c.InitializeUserDetailsBeanManagerConfigurer$InitializeUserDetailsManagerConfigurer - Global AuthenticationManager configured with UserDetailsService bean with name customUserDetailsService
2026-08-26 10:44:43.151 [restartedMain] INFO  o.s.b.d.a.OptionalLiveReloadServer - LiveReload server is running on port 35729
2026-08-26 10:44:43.198 [restartedMain] INFO  o.a.coyote.http11.Http11NioProtocol - Starting ProtocolHandler ["http-nio-8082"]
2026-08-26 10:44:43.261 [restartedMain] INFO  o.s.b.w.e.tomcat.TomcatWebServer - Tomcat started on port 8082 (http) with context path '/'
2026-08-26 10:44:43.276 [restartedMain] INFO  com.doctorapp.DoctorAppApplication - Started DoctorAppApplication in 9.503 seconds (process running for 10.395)
2026-08-26 10:44:43.543 [restartedMain] DEBUG org.hibernate.SQL - 
    select
        s1_0.id,
        s1_0.name 
    from
        specializations s1_0 
    where
        upper(s1_0.name)=upper(?)
2026-08-26 10:44:43.576 [restartedMain] DEBUG org.hibernate.SQL - 
    select
        s1_0.id,
        s1_0.name 
    from
        specializations s1_0 
    where
        upper(s1_0.name)=upper(?)
2026-08-26 10:44:43.591 [restartedMain] DEBUG org.hibernate.SQL - 
    select
        s1_0.id,
        s1_0.name 
    from
        specializations s1_0 
    where
        upper(s1_0.name)=upper(?)
2026-08-26 10:44:43.591 [restartedMain] DEBUG org.hibernate.SQL - 
    select
        s1_0.id,
        s1_0.name 
    from
        specializations s1_0 
    where
        upper(s1_0.name)=upper(?)
2026-08-26 10:44:43.591 [restartedMain] DEBUG org.hibernate.SQL - 
    select
        s1_0.id,
        s1_0.name 
    from
        specializations s1_0 
    where
        upper(s1_0.name)=upper(?)
2026-08-26 10:44:43.591 [restartedMain] DEBUG org.hibernate.SQL - 
    select
        s1_0.id,
        s1_0.name 
    from
        specializations s1_0 
    where
        upper(s1_0.name)=upper(?)
2026-08-26 10:44:43.607 [restartedMain] DEBUG org.hibernate.SQL - 
    select
        s1_0.id,
        s1_0.name 
    from
        specializations s1_0 
    where
        upper(s1_0.name)=upper(?)
2026-08-26 10:44:43.613 [restartedMain] DEBUG org.hibernate.SQL - 
    select
        s1_0.id,
        s1_0.name 
    from
        specializations s1_0 
    where
        upper(s1_0.name)=upper(?)
2026-08-26 10:44:43.623 [restartedMain] DEBUG org.hibernate.SQL - 
    select
        s1_0.id,
        s1_0.name 
    from
        specializations s1_0 
    where
        upper(s1_0.name)=upper(?)
2026-08-26 10:44:43.623 [restartedMain] DEBUG org.hibernate.SQL - 
    select
        s1_0.id,
        s1_0.name 
    from
        specializations s1_0 
    where
        upper(s1_0.name)=upper(?)
2026-08-26 10:44:43.638 [restartedMain] DEBUG org.hibernate.SQL - 
    select
        u1_0.id 
    from
        users u1_0 
    where
        u1_0.email=? 
    limit
        ?
2026-08-26 10:44:54.376 [http-nio-8082-exec-1] INFO  o.a.c.c.C.[Tomcat].[localhost].[/] - Initializing Spring DispatcherServlet 'dispatcherServlet'
2026-08-26 10:44:54.377 [http-nio-8082-exec-1] INFO  o.s.web.servlet.DispatcherServlet - Initializing Servlet 'dispatcherServlet'
2026-08-26 10:44:54.379 [http-nio-8082-exec-1] INFO  o.s.web.servlet.DispatcherServlet - Completed initialization in 2 ms
2026-08-26 10:44:54.692 [http-nio-8082-exec-2] DEBUG org.hibernate.SQL - 
    SELECT
        d.id AS doctor_id,
        d.name AS doctor_name,
        d.qualification AS qualification,
        d.experience_years AS experience_years,
        d.consultation_fee AS consultation_fee,
        d.profile_image_url AS profile_image_url,
        d.avg_rating AS avg_rating,
        d.rating_count AS rating_count,
        c.id AS clinic_id,
        c.clinic_name AS clinic_name,
        c.address AS address,
        c.latitude AS latitude,
        c.longitude AS longitude,
        (6371 * ACOS(         COS(RADIANS(?)) * COS(RADIANS(c.latitude)) *         COS(RADIANS(c.longitude) - RADIANS(?)) +         SIN(RADIANS(?)) * SIN(RADIANS(c.latitude))     )) AS distance_km 
    FROM
        doctor_clinic_associations dca 
    JOIN
        doctors d 
            ON d.id = dca.doctor_id 
    JOIN
        clinics c 
            ON c.id = dca.clinic_id 
    WHERE
        dca.status = 'APPROVED'   
        AND d.verified = true 
        AND d.active = true   
        AND c.verified = true 
        AND c.active = true   
        AND c.latitude BETWEEN ? AND ?   
        AND c.longitude BETWEEN ? AND ? 
    HAVING
        distance_km <= ? 
    ORDER BY
        distance_km ASC 
2026-08-26 10:45:40.042 [http-nio-8082-exec-8] DEBUG org.hibernate.SQL - 
    SELECT
        d.id AS doctor_id,
        d.name AS doctor_name,
        d.qualification AS qualification,
        d.experience_years AS experience_years,
        d.consultation_fee AS consultation_fee,
        d.profile_image_url AS profile_image_url,
        d.avg_rating AS avg_rating,
        d.rating_count AS rating_count,
        c.id AS clinic_id,
        c.clinic_name AS clinic_name,
        c.address AS address,
        c.latitude AS latitude,
        c.longitude AS longitude,
        (6371 * ACOS(         COS(RADIANS(?)) * COS(RADIANS(c.latitude)) *         COS(RADIANS(c.longitude) - RADIANS(?)) +         SIN(RADIANS(?)) * SIN(RADIANS(c.latitude))     )) AS distance_km 
    FROM
        doctor_clinic_associations dca 
    JOIN
        doctors d 
            ON d.id = dca.doctor_id 
    JOIN
        clinics c 
            ON c.id = dca.clinic_id 
    WHERE
        dca.status = 'APPROVED'   
        AND d.verified = true 
        AND d.active = true   
        AND c.verified = true 
        AND c.active = true   
        AND c.latitude BETWEEN ? AND ?   
        AND c.longitude BETWEEN ? AND ? 
    HAVING
        distance_km <= ? 
    ORDER BY
        distance_km ASC 
2026-08-26 10:45:53.575 [http-nio-8082-exec-9] DEBUG org.hibernate.SQL - 
    select
        u1_0.id,
        u1_0.created_at,
        u1_0.email,
        u1_0.enabled,
        u1_0.password,
        u1_0.role 
    from
        users u1_0 
    where
        u1_0.email=?
2026-08-26 10:45:53.857 [http-nio-8082-exec-9] DEBUG org.hibernate.SQL - 
    select
        u1_0.id,
        u1_0.created_at,
        u1_0.email,
        u1_0.enabled,
        u1_0.password,
        u1_0.role 
    from
        users u1_0 
    where
        u1_0.email=?
2026-08-26 10:45:53.962 [http-nio-8082-exec-4] DEBUG org.hibernate.SQL - 
    select
        u1_0.id,
        u1_0.created_at,
        u1_0.email,
        u1_0.enabled,
        u1_0.password,
        u1_0.role 
    from
        users u1_0 
    where
        u1_0.email=?
2026-08-26 10:45:54.088 [http-nio-8082-exec-4] DEBUG org.hibernate.SQL - 
    select
        count(*) 
    from
        doctors d1_0
2026-08-26 10:45:54.088 [http-nio-8082-exec-4] DEBUG org.hibernate.SQL - 
    select
        count(d1_0.id) 
    from
        doctors d1_0 
    where
        d1_0.verified=?
2026-08-26 10:45:54.088 [http-nio-8082-exec-4] DEBUG org.hibernate.SQL - 
    select
        count(d1_0.id) 
    from
        doctors d1_0 
    where
        d1_0.verified=?
2026-08-26 10:45:54.104 [http-nio-8082-exec-4] DEBUG org.hibernate.SQL - 
    select
        count(*) 
    from
        patients p1_0
2026-08-26 10:45:54.104 [http-nio-8082-exec-4] DEBUG org.hibernate.SQL - 
    select
        count(*) 
    from
        appointments a1_0
2026-08-26 10:45:54.104 [http-nio-8082-exec-4] DEBUG org.hibernate.SQL - 
    select
        count(a1_0.id) 
    from
        appointments a1_0 
    where
        a1_0.appointment_date=?
2026-08-26 10:45:54.124 [http-nio-8082-exec-4] DEBUG org.hibernate.SQL - 
    select
        count(*) 
    from
        clinics c1_0
2026-08-26 10:45:54.136 [http-nio-8082-exec-4] DEBUG org.hibernate.SQL - 
    select
        count(c1_0.id) 
    from
        clinics c1_0 
    where
        c1_0.verified=?
2026-08-26 10:45:54.136 [http-nio-8082-exec-4] DEBUG org.hibernate.SQL - 
    select
        count(c1_0.id) 
    from
        clinics c1_0 
    where
        c1_0.verified=?
2026-08-26 10:45:54.160 [http-nio-8082-exec-3] DEBUG org.hibernate.SQL - 
    select
        u1_0.id,
        u1_0.created_at,
        u1_0.email,
        u1_0.enabled,
        u1_0.password,
        u1_0.role 
    from
        users u1_0 
    where
        u1_0.email=?
2026-08-26 10:45:54.172 [http-nio-8082-exec-3] DEBUG org.hibernate.SQL - 
    select
        count(*) 
    from
        doctors d1_0
2026-08-26 10:45:54.174 [http-nio-8082-exec-3] DEBUG org.hibernate.SQL - 
    select
        count(d1_0.id) 
    from
        doctors d1_0 
    where
        d1_0.verified=?
2026-08-26 10:45:54.177 [http-nio-8082-exec-3] DEBUG org.hibernate.SQL - 
    select
        count(d1_0.id) 
    from
        doctors d1_0 
    where
        d1_0.verified=?
2026-08-26 10:45:54.185 [http-nio-8082-exec-3] DEBUG org.hibernate.SQL - 
    select
        count(*) 
    from
        patients p1_0
2026-08-26 10:45:54.186 [http-nio-8082-exec-3] DEBUG org.hibernate.SQL - 
    select
        count(*) 
    from
        appointments a1_0
2026-08-26 10:45:54.191 [http-nio-8082-exec-3] DEBUG org.hibernate.SQL - 
    select
        count(a1_0.id) 
    from
        appointments a1_0 
    where
        a1_0.appointment_date=?
2026-08-26 10:45:54.193 [http-nio-8082-exec-3] DEBUG org.hibernate.SQL - 
    select
        count(*) 
    from
        clinics c1_0
2026-08-26 10:45:54.201 [http-nio-8082-exec-3] DEBUG org.hibernate.SQL - 
    select
        count(c1_0.id) 
    from
        clinics c1_0 
    where
        c1_0.verified=?
2026-08-26 10:45:54.202 [http-nio-8082-exec-3] DEBUG org.hibernate.SQL - 
    select
        count(c1_0.id) 
    from
        clinics c1_0 
    where
        c1_0.verified=?
2026-08-26 10:45:59.020 [http-nio-8082-exec-7] DEBUG org.hibernate.SQL - 
    select
        u1_0.id,
        u1_0.created_at,
        u1_0.email,
        u1_0.enabled,
        u1_0.password,
        u1_0.role 
    from
        users u1_0 
    where
        u1_0.email=?
2026-08-26 10:45:59.035 [http-nio-8082-exec-7] DEBUG org.hibernate.SQL - 
    select
        a1_0.id,
        a1_0.appointment_date,
        a1_0.clinic_id,
        a1_0.consultation_fee,
        a1_0.created_at,
        a1_0.doctor_id,
        a1_0.end_time,
        a1_0.patient_id,
        a1_0.payment_status,
        a1_0.slot_id,
        a1_0.start_time,
        a1_0.status 
    from
        appointments a1_0 
    order by
        a1_0.appointment_date desc,
        a1_0.start_time desc
2026-08-26 10:45:59.067 [http-nio-8082-exec-7] DEBUG org.hibernate.SQL - 
    select
        p1_0.id,
        p1_0.dob,
        p1_0.gender,
        p1_0.last_known_lat,
        p1_0.last_known_lng,
        p1_0.name,
        p1_0.phone,
        p1_0.user_id 
    from
        patients p1_0 
    where
        p1_0.id=?
2026-08-26 10:45:59.075 [http-nio-8082-exec-7] DEBUG org.hibernate.SQL - 
    select
        d1_0.id,
        d1_0.active,
        d1_0.avg_rating,
        d1_0.consultation_fee,
        d1_0.created_at,
        d1_0.dob,
        d1_0.experience_years,
        d1_0.gender,
        d1_0.name,
        d1_0.profile_image_url,
        d1_0.qualification,
        d1_0.rating_count,
        d1_0.user_id,
        d1_0.verified 
    from
        doctors d1_0 
    where
        d1_0.id=?
2026-08-26 10:45:59.107 [http-nio-8082-exec-7] DEBUG org.hibernate.SQL - 
    select
        c1_0.id,
        c1_0.active,
        c1_0.address,
        c1_0.city,
        c1_0.clinic_admin_id,
        c1_0.clinic_name,
        c1_0.latitude,
        c1_0.longitude,
        c1_0.phone,
        c1_0.pincode,
        c1_0.verified 
    from
        clinics c1_0 
    where
        c1_0.id=?
2026-08-26 10:45:59.107 [http-nio-8082-exec-7] DEBUG org.hibernate.SQL - 
    select
        p1_0.id,
        p1_0.dob,
        p1_0.gender,
        p1_0.last_known_lat,
        p1_0.last_known_lng,
        p1_0.name,
        p1_0.phone,
        p1_0.user_id 
    from
        patients p1_0 
    where
        p1_0.id=?
2026-08-26 10:45:59.142 [http-nio-8082-exec-7] DEBUG org.hibernate.SQL - 
    select
        u1_0.id,
        u1_0.created_at,
        u1_0.email,
        u1_0.enabled,
        u1_0.password,
        u1_0.role 
    from
        users u1_0 
    where
        u1_0.email=?
2026-08-26 10:45:59.155 [http-nio-8082-exec-7] DEBUG org.hibernate.SQL - 
    select
        a1_0.id,
        a1_0.appointment_date,
        a1_0.clinic_id,
        a1_0.consultation_fee,
        a1_0.created_at,
        a1_0.doctor_id,
        a1_0.end_time,
        a1_0.patient_id,
        a1_0.payment_status,
        a1_0.slot_id,
        a1_0.start_time,
        a1_0.status 
    from
        appointments a1_0 
    order by
        a1_0.appointment_date desc,
        a1_0.start_time desc
2026-08-26 10:45:59.161 [http-nio-8082-exec-7] DEBUG org.hibernate.SQL - 
    select
        p1_0.id,
        p1_0.dob,
        p1_0.gender,
        p1_0.last_known_lat,
        p1_0.last_known_lng,
        p1_0.name,
        p1_0.phone,
        p1_0.user_id 
    from
        patients p1_0 
    where
        p1_0.id=?
2026-08-26 10:45:59.161 [http-nio-8082-exec-7] DEBUG org.hibernate.SQL - 
    select
        d1_0.id,
        d1_0.active,
        d1_0.avg_rating,
        d1_0.consultation_fee,
        d1_0.created_at,
        d1_0.dob,
        d1_0.experience_years,
        d1_0.gender,
        d1_0.name,
        d1_0.profile_image_url,
        d1_0.qualification,
        d1_0.rating_count,
        d1_0.user_id,
        d1_0.verified 
    from
        doctors d1_0 
    where
        d1_0.id=?
2026-08-26 10:45:59.167 [http-nio-8082-exec-7] DEBUG org.hibernate.SQL - 
    select
        c1_0.id,
        c1_0.active,
        c1_0.address,
        c1_0.city,
        c1_0.clinic_admin_id,
        c1_0.clinic_name,
        c1_0.latitude,
        c1_0.longitude,
        c1_0.phone,
        c1_0.pincode,
        c1_0.verified 
    from
        clinics c1_0 
    where
        c1_0.id=?
2026-08-26 10:45:59.169 [http-nio-8082-exec-7] DEBUG org.hibernate.SQL - 
    select
        p1_0.id,
        p1_0.dob,
        p1_0.gender,
        p1_0.last_known_lat,
        p1_0.last_known_lng,
        p1_0.name,
        p1_0.phone,
        p1_0.user_id 
    from
        patients p1_0 
    where
        p1_0.id=?
2026-08-26 10:46:12.356 [http-nio-8082-exec-1] DEBUG org.hibernate.SQL - 
    select
        u1_0.id,
        u1_0.created_at,
        u1_0.email,
        u1_0.enabled,
        u1_0.password,
        u1_0.role 
    from
        users u1_0 
    where
        u1_0.email=?
2026-08-26 10:46:12.368 [http-nio-8082-exec-1] DEBUG org.hibernate.SQL - 
    select
        p1_0.id,
        p1_0.dob,
        p1_0.gender,
        p1_0.last_known_lat,
        p1_0.last_known_lng,
        p1_0.name,
        p1_0.phone,
        p1_0.user_id 
    from
        patients p1_0
2026-08-26 10:46:12.373 [http-nio-8082-exec-1] DEBUG org.hibernate.SQL - 
    select
        u1_0.id,
        u1_0.created_at,
        u1_0.email,
        u1_0.enabled,
        u1_0.password,
        u1_0.role 
    from
        users u1_0 
    where
        u1_0.id=?
2026-08-26 10:46:12.373 [http-nio-8082-exec-1] DEBUG org.hibernate.SQL - 
    select
        u1_0.id,
        u1_0.created_at,
        u1_0.email,
        u1_0.enabled,
        u1_0.password,
        u1_0.role 
    from
        users u1_0 
    where
        u1_0.id=?
2026-08-26 10:46:12.380 [http-nio-8082-exec-1] DEBUG org.hibernate.SQL - 
    select
        u1_0.id,
        u1_0.created_at,
        u1_0.email,
        u1_0.enabled,
        u1_0.password,
        u1_0.role 
    from
        users u1_0 
    where
        u1_0.id=?
2026-08-26 10:46:12.396 [http-nio-8082-exec-2] DEBUG org.hibernate.SQL - 
    select
        u1_0.id,
        u1_0.created_at,
        u1_0.email,
        u1_0.enabled,
        u1_0.password,
        u1_0.role 
    from
        users u1_0 
    where
        u1_0.email=?
2026-08-26 10:46:12.407 [http-nio-8082-exec-2] DEBUG org.hibernate.SQL - 
    select
        p1_0.id,
        p1_0.dob,
        p1_0.gender,
        p1_0.last_known_lat,
        p1_0.last_known_lng,
        p1_0.name,
        p1_0.phone,
        p1_0.user_id 
    from
        patients p1_0
2026-08-26 10:46:12.411 [http-nio-8082-exec-2] DEBUG org.hibernate.SQL - 
    select
        u1_0.id,
        u1_0.created_at,
        u1_0.email,
        u1_0.enabled,
        u1_0.password,
        u1_0.role 
    from
        users u1_0 
    where
        u1_0.id=?
2026-08-26 10:46:12.411 [http-nio-8082-exec-2] DEBUG org.hibernate.SQL - 
    select
        u1_0.id,
        u1_0.created_at,
        u1_0.email,
        u1_0.enabled,
        u1_0.password,
        u1_0.role 
    from
        users u1_0 
    where
        u1_0.id=?
2026-08-26 10:46:12.411 [http-nio-8082-exec-2] DEBUG org.hibernate.SQL - 
    select
        u1_0.id,
        u1_0.created_at,
        u1_0.email,
        u1_0.enabled,
        u1_0.password,
        u1_0.role 
    from
        users u1_0 
    where
        u1_0.id=?
2026-08-26 10:46:14.522 [http-nio-8082-exec-6] DEBUG org.hibernate.SQL - 
    select
        u1_0.id,
        u1_0.created_at,
        u1_0.email,
        u1_0.enabled,
        u1_0.password,
        u1_0.role 
    from
        users u1_0 
    where
        u1_0.email=?
2026-08-26 10:46:14.529 [http-nio-8082-exec-6] DEBUG org.hibernate.SQL - 
    select
        c1_0.id,
        c1_0.active,
        c1_0.address,
        c1_0.city,
        c1_0.clinic_admin_id,
        c1_0.clinic_name,
        c1_0.latitude,
        c1_0.longitude,
        c1_0.phone,
        c1_0.pincode,
        c1_0.verified 
    from
        clinics c1_0
2026-08-26 10:46:14.545 [http-nio-8082-exec-6] DEBUG org.hibernate.SQL - 
    select
        count(dca1_0.id) 
    from
        doctor_clinic_associations dca1_0 
    where
        dca1_0.clinic_id=? 
        and dca1_0.status=?
2026-08-26 10:46:14.555 [http-nio-8082-exec-6] DEBUG org.hibernate.SQL - 
    select
        count(dca1_0.id) 
    from
        doctor_clinic_associations dca1_0 
    where
        dca1_0.clinic_id=? 
        and dca1_0.status=?
2026-08-26 10:46:14.578 [http-nio-8082-exec-5] DEBUG org.hibernate.SQL - 
    select
        u1_0.id,
        u1_0.created_at,
        u1_0.email,
        u1_0.enabled,
        u1_0.password,
        u1_0.role 
    from
        users u1_0 
    where
        u1_0.email=?
2026-08-26 10:46:14.589 [http-nio-8082-exec-5] DEBUG org.hibernate.SQL - 
    select
        c1_0.id,
        c1_0.active,
        c1_0.address,
        c1_0.city,
        c1_0.clinic_admin_id,
        c1_0.clinic_name,
        c1_0.latitude,
        c1_0.longitude,
        c1_0.phone,
        c1_0.pincode,
        c1_0.verified 
    from
        clinics c1_0
2026-08-26 10:46:14.590 [http-nio-8082-exec-5] DEBUG org.hibernate.SQL - 
    select
        count(dca1_0.id) 
    from
        doctor_clinic_associations dca1_0 
    where
        dca1_0.clinic_id=? 
        and dca1_0.status=?
2026-08-26 10:46:14.596 [http-nio-8082-exec-5] DEBUG org.hibernate.SQL - 
    select
        count(dca1_0.id) 
    from
        doctor_clinic_associations dca1_0 
    where
        dca1_0.clinic_id=? 
        and dca1_0.status=?
2026-08-26 10:46:25.535 [http-nio-8082-exec-10] DEBUG org.hibernate.SQL - 
    select
        u1_0.id,
        u1_0.created_at,
        u1_0.email,
        u1_0.enabled,
        u1_0.password,
        u1_0.role 
    from
        users u1_0 
    where
        u1_0.email=?
2026-08-26 10:46:25.566 [http-nio-8082-exec-10] DEBUG org.hibernate.SQL - 
    select
        d1_0.id,
        d1_0.active,
        d1_0.avg_rating,
        d1_0.consultation_fee,
        d1_0.created_at,
        d1_0.dob,
        d1_0.experience_years,
        d1_0.gender,
        d1_0.name,
        d1_0.profile_image_url,
        d1_0.qualification,
        d1_0.rating_count,
        d1_0.user_id,
        d1_0.verified 
    from
        doctors d1_0
2026-08-26 10:46:25.576 [http-nio-8082-exec-10] DEBUG org.hibernate.SQL - 
    select
        dca1_0.id,
        dca1_0.clinic_id,
        dca1_0.created_at,
        dca1_0.doctor_id,
        dca1_0.initiated_by,
        dca1_0.responded_at,
        dca1_0.status 
    from
        doctor_clinic_associations dca1_0 
    where
        dca1_0.doctor_id=? 
        and dca1_0.status=?
2026-08-26 10:46:25.576 [http-nio-8082-exec-10] DEBUG org.hibernate.SQL - 
    select
        u1_0.id,
        u1_0.created_at,
        u1_0.email,
        u1_0.enabled,
        u1_0.password,
        u1_0.role 
    from
        users u1_0 
    where
        u1_0.id=?
2026-08-26 10:46:25.592 [http-nio-8082-exec-10] DEBUG org.hibernate.SQL - 
    select
        s1_0.doctor_id,
        s1_1.id,
        s1_1.name 
    from
        doctor_specializations s1_0 
    join
        specializations s1_1 
            on s1_1.id=s1_0.specialization_id 
    where
        s1_0.doctor_id=?
2026-08-26 10:46:25.607 [http-nio-8082-exec-10] DEBUG org.hibernate.SQL - 
    select
        dca1_0.id,
        dca1_0.clinic_id,
        dca1_0.created_at,
        dca1_0.doctor_id,
        dca1_0.initiated_by,
        dca1_0.responded_at,
        dca1_0.status 
    from
        doctor_clinic_associations dca1_0 
    where
        dca1_0.doctor_id=? 
        and dca1_0.status=?
2026-08-26 10:46:25.607 [http-nio-8082-exec-10] DEBUG org.hibernate.SQL - 
    select
        u1_0.id,
        u1_0.created_at,
        u1_0.email,
        u1_0.enabled,
        u1_0.password,
        u1_0.role 
    from
        users u1_0 
    where
        u1_0.id=?
2026-08-26 10:46:25.607 [http-nio-8082-exec-10] DEBUG org.hibernate.SQL - 
    select
        s1_0.doctor_id,
        s1_1.id,
        s1_1.name 
    from
        doctor_specializations s1_0 
    join
        specializations s1_1 
            on s1_1.id=s1_0.specialization_id 
    where
        s1_0.doctor_id=?
2026-08-26 10:46:25.623 [http-nio-8082-exec-10] DEBUG org.hibernate.SQL - 
    select
        dca1_0.id,
        dca1_0.clinic_id,
        dca1_0.created_at,
        dca1_0.doctor_id,
        dca1_0.initiated_by,
        dca1_0.responded_at,
        dca1_0.status 
    from
        doctor_clinic_associations dca1_0 
    where
        dca1_0.doctor_id=? 
        and dca1_0.status=?
2026-08-26 10:46:25.623 [http-nio-8082-exec-10] DEBUG org.hibernate.SQL - 
    select
        u1_0.id,
        u1_0.created_at,
        u1_0.email,
        u1_0.enabled,
        u1_0.password,
        u1_0.role 
    from
        users u1_0 
    where
        u1_0.id=?
2026-08-26 10:46:25.623 [http-nio-8082-exec-10] DEBUG org.hibernate.SQL - 
    select
        s1_0.doctor_id,
        s1_1.id,
        s1_1.name 
    from
        doctor_specializations s1_0 
    join
        specializations s1_1 
            on s1_1.id=s1_0.specialization_id 
    where
        s1_0.doctor_id=?
2026-08-26 10:46:25.623 [http-nio-8082-exec-10] DEBUG org.hibernate.SQL - 
    select
        dca1_0.id,
        dca1_0.clinic_id,
        dca1_0.created_at,
        dca1_0.doctor_id,
        dca1_0.initiated_by,
        dca1_0.responded_at,
        dca1_0.status 
    from
        doctor_clinic_associations dca1_0 
    where
        dca1_0.doctor_id=? 
        and dca1_0.status=?
2026-08-26 10:46:25.639 [http-nio-8082-exec-10] DEBUG org.hibernate.SQL - 
    select
        u1_0.id,
        u1_0.created_at,
        u1_0.email,
        u1_0.enabled,
        u1_0.password,
        u1_0.role 
    from
        users u1_0 
    where
        u1_0.id=?
2026-08-26 10:46:25.639 [http-nio-8082-exec-10] DEBUG org.hibernate.SQL - 
    select
        s1_0.doctor_id,
        s1_1.id,
        s1_1.name 
    from
        doctor_specializations s1_0 
    join
        specializations s1_1 
            on s1_1.id=s1_0.specialization_id 
    where
        s1_0.doctor_id=?
2026-08-26 10:46:25.664 [http-nio-8082-exec-9] DEBUG org.hibernate.SQL - 
    select
        u1_0.id,
        u1_0.created_at,
        u1_0.email,
        u1_0.enabled,
        u1_0.password,
        u1_0.role 
    from
        users u1_0 
    where
        u1_0.email=?
2026-08-26 10:46:25.672 [http-nio-8082-exec-9] DEBUG org.hibernate.SQL - 
    select
        d1_0.id,
        d1_0.active,
        d1_0.avg_rating,
        d1_0.consultation_fee,
        d1_0.created_at,
        d1_0.dob,
        d1_0.experience_years,
        d1_0.gender,
        d1_0.name,
        d1_0.profile_image_url,
        d1_0.qualification,
        d1_0.rating_count,
        d1_0.user_id,
        d1_0.verified 
    from
        doctors d1_0
2026-08-26 10:46:25.682 [http-nio-8082-exec-9] DEBUG org.hibernate.SQL - 
    select
        dca1_0.id,
        dca1_0.clinic_id,
        dca1_0.created_at,
        dca1_0.doctor_id,
        dca1_0.initiated_by,
        dca1_0.responded_at,
        dca1_0.status 
    from
        doctor_clinic_associations dca1_0 
    where
        dca1_0.doctor_id=? 
        and dca1_0.status=?
2026-08-26 10:46:25.686 [http-nio-8082-exec-9] DEBUG org.hibernate.SQL - 
    select
        u1_0.id,
        u1_0.created_at,
        u1_0.email,
        u1_0.enabled,
        u1_0.password,
        u1_0.role 
    from
        users u1_0 
    where
        u1_0.id=?
2026-08-26 10:46:25.689 [http-nio-8082-exec-9] DEBUG org.hibernate.SQL - 
    select
        s1_0.doctor_id,
        s1_1.id,
        s1_1.name 
    from
        doctor_specializations s1_0 
    join
        specializations s1_1 
            on s1_1.id=s1_0.specialization_id 
    where
        s1_0.doctor_id=?
2026-08-26 10:46:25.695 [http-nio-8082-exec-9] DEBUG org.hibernate.SQL - 
    select
        dca1_0.id,
        dca1_0.clinic_id,
        dca1_0.created_at,
        dca1_0.doctor_id,
        dca1_0.initiated_by,
        dca1_0.responded_at,
        dca1_0.status 
    from
        doctor_clinic_associations dca1_0 
    where
        dca1_0.doctor_id=? 
        and dca1_0.status=?
2026-08-26 10:46:25.695 [http-nio-8082-exec-9] DEBUG org.hibernate.SQL - 
    select
        u1_0.id,
        u1_0.created_at,
        u1_0.email,
        u1_0.enabled,
        u1_0.password,
        u1_0.role 
    from
        users u1_0 
    where
        u1_0.id=?
2026-08-26 10:46:25.695 [http-nio-8082-exec-9] DEBUG org.hibernate.SQL - 
    select
        s1_0.doctor_id,
        s1_1.id,
        s1_1.name 
    from
        doctor_specializations s1_0 
    join
        specializations s1_1 
            on s1_1.id=s1_0.specialization_id 
    where
        s1_0.doctor_id=?
2026-08-26 10:46:25.703 [http-nio-8082-exec-9] DEBUG org.hibernate.SQL - 
    select
        dca1_0.id,
        dca1_0.clinic_id,
        dca1_0.created_at,
        dca1_0.doctor_id,
        dca1_0.initiated_by,
        dca1_0.responded_at,
        dca1_0.status 
    from
        doctor_clinic_associations dca1_0 
    where
        dca1_0.doctor_id=? 
        and dca1_0.status=?
2026-08-26 10:46:25.703 [http-nio-8082-exec-9] DEBUG org.hibernate.SQL - 
    select
        u1_0.id,
        u1_0.created_at,
        u1_0.email,
        u1_0.enabled,
        u1_0.password,
        u1_0.role 
    from
        users u1_0 
    where
        u1_0.id=?
2026-08-26 10:46:25.710 [http-nio-8082-exec-9] DEBUG org.hibernate.SQL - 
    select
        s1_0.doctor_id,
        s1_1.id,
        s1_1.name 
    from
        doctor_specializations s1_0 
    join
        specializations s1_1 
            on s1_1.id=s1_0.specialization_id 
    where
        s1_0.doctor_id=?
2026-08-26 10:46:25.710 [http-nio-8082-exec-9] DEBUG org.hibernate.SQL - 
    select
        dca1_0.id,
        dca1_0.clinic_id,
        dca1_0.created_at,
        dca1_0.doctor_id,
        dca1_0.initiated_by,
        dca1_0.responded_at,
        dca1_0.status 
    from
        doctor_clinic_associations dca1_0 
    where
        dca1_0.doctor_id=? 
        and dca1_0.status=?
2026-08-26 10:46:25.710 [http-nio-8082-exec-9] DEBUG org.hibernate.SQL - 
    select
        u1_0.id,
        u1_0.created_at,
        u1_0.email,
        u1_0.enabled,
        u1_0.password,
        u1_0.role 
    from
        users u1_0 
    where
        u1_0.id=?
2026-08-26 10:46:25.719 [http-nio-8082-exec-9] DEBUG org.hibernate.SQL - 
    select
        s1_0.doctor_id,
        s1_1.id,
        s1_1.name 
    from
        doctor_specializations s1_0 
    join
        specializations s1_1 
            on s1_1.id=s1_0.specialization_id 
    where
        s1_0.doctor_id=?
2026-08-26 10:46:30.892 [http-nio-8082-exec-3] DEBUG org.hibernate.SQL - 
    select
        u1_0.id,
        u1_0.created_at,
        u1_0.email,
        u1_0.enabled,
        u1_0.password,
        u1_0.role 
    from
        users u1_0 
    where
        u1_0.email=?
2026-08-26 10:46:30.901 [http-nio-8082-exec-3] DEBUG org.hibernate.SQL - 
    select
        count(*) 
    from
        doctors d1_0
2026-08-26 10:46:30.906 [http-nio-8082-exec-3] DEBUG org.hibernate.SQL - 
    select
        count(d1_0.id) 
    from
        doctors d1_0 
    where
        d1_0.verified=?
2026-08-26 10:46:30.909 [http-nio-8082-exec-3] DEBUG org.hibernate.SQL - 
    select
        count(d1_0.id) 
    from
        doctors d1_0 
    where
        d1_0.verified=?
2026-08-26 10:46:30.909 [http-nio-8082-exec-3] DEBUG org.hibernate.SQL - 
    select
        count(*) 
    from
        patients p1_0
2026-08-26 10:46:30.914 [http-nio-8082-exec-3] DEBUG org.hibernate.SQL - 
    select
        count(*) 
    from
        appointments a1_0
2026-08-26 10:46:30.914 [http-nio-8082-exec-3] DEBUG org.hibernate.SQL - 
    select
        count(a1_0.id) 
    from
        appointments a1_0 
    where
        a1_0.appointment_date=?
2026-08-26 10:46:30.923 [http-nio-8082-exec-3] DEBUG org.hibernate.SQL - 
    select
        count(*) 
    from
        clinics c1_0
2026-08-26 10:46:30.923 [http-nio-8082-exec-3] DEBUG org.hibernate.SQL - 
    select
        count(c1_0.id) 
    from
        clinics c1_0 
    where
        c1_0.verified=?
2026-08-26 10:46:30.930 [http-nio-8082-exec-3] DEBUG org.hibernate.SQL - 
    select
        count(c1_0.id) 
    from
        clinics c1_0 
    where
        c1_0.verified=?
2026-08-26 10:46:30.944 [http-nio-8082-exec-4] DEBUG org.hibernate.SQL - 
    select
        u1_0.id,
        u1_0.created_at,
        u1_0.email,
        u1_0.enabled,
        u1_0.password,
        u1_0.role 
    from
        users u1_0 
    where
        u1_0.email=?
2026-08-26 10:46:30.944 [http-nio-8082-exec-4] DEBUG org.hibernate.SQL - 
    select
        count(*) 
    from
        doctors d1_0
2026-08-26 10:46:30.956 [http-nio-8082-exec-4] DEBUG org.hibernate.SQL - 
    select
        count(d1_0.id) 
    from
        doctors d1_0 
    where
        d1_0.verified=?
2026-08-26 10:46:30.957 [http-nio-8082-exec-4] DEBUG org.hibernate.SQL - 
    select
        count(d1_0.id) 
    from
        doctors d1_0 
    where
        d1_0.verified=?
2026-08-26 10:46:30.962 [http-nio-8082-exec-4] DEBUG org.hibernate.SQL - 
    select
        count(*) 
    from
        patients p1_0
2026-08-26 10:46:30.962 [http-nio-8082-exec-4] DEBUG org.hibernate.SQL - 
    select
        count(*) 
    from
        appointments a1_0
2026-08-26 10:46:30.962 [http-nio-8082-exec-4] DEBUG org.hibernate.SQL - 
    select
        count(a1_0.id) 
    from
        appointments a1_0 
    where
        a1_0.appointment_date=?
2026-08-26 10:46:30.973 [http-nio-8082-exec-4] DEBUG org.hibernate.SQL - 
    select
        count(*) 
    from
        clinics c1_0
2026-08-26 10:46:30.973 [http-nio-8082-exec-4] DEBUG org.hibernate.SQL - 
    select
        count(c1_0.id) 
    from
        clinics c1_0 
    where
        c1_0.verified=?
2026-08-26 10:46:30.979 [http-nio-8082-exec-4] DEBUG org.hibernate.SQL - 
    select
        count(c1_0.id) 
    from
        clinics c1_0 
    where
        c1_0.verified=?
2026-08-26 10:46:53.521 [http-nio-8082-exec-5] DEBUG org.hibernate.SQL - 
    SELECT
        d.id AS doctor_id,
        d.name AS doctor_name,
        d.qualification AS qualification,
        d.experience_years AS experience_years,
        d.consultation_fee AS consultation_fee,
        d.profile_image_url AS profile_image_url,
        d.avg_rating AS avg_rating,
        d.rating_count AS rating_count,
        c.id AS clinic_id,
        c.clinic_name AS clinic_name,
        c.address AS address,
        c.latitude AS latitude,
        c.longitude AS longitude,
        (6371 * ACOS(         COS(RADIANS(?)) * COS(RADIANS(c.latitude)) *         COS(RADIANS(c.longitude) - RADIANS(?)) +         SIN(RADIANS(?)) * SIN(RADIANS(c.latitude))     )) AS distance_km 
    FROM
        doctor_clinic_associations dca 
    JOIN
        doctors d 
            ON d.id = dca.doctor_id 
    JOIN
        clinics c 
            ON c.id = dca.clinic_id 
    WHERE
        dca.status = 'APPROVED'   
        AND d.verified = true 
        AND d.active = true   
        AND c.verified = true 
        AND c.active = true   
        AND c.latitude BETWEEN ? AND ?   
        AND c.longitude BETWEEN ? AND ? 
    HAVING
        distance_km <= ? 
    ORDER BY
        distance_km ASC 
2026-08-26 10:47:09.921 [http-nio-8082-exec-8] DEBUG org.hibernate.SQL - 
    select
        u1_0.id,
        u1_0.created_at,
        u1_0.email,
        u1_0.enabled,
        u1_0.password,
        u1_0.role 
    from
        users u1_0 
    where
        u1_0.email=?
2026-08-26 10:47:10.178 [http-nio-8082-exec-8] DEBUG org.hibernate.SQL - 
    select
        u1_0.id,
        u1_0.created_at,
        u1_0.email,
        u1_0.enabled,
        u1_0.password,
        u1_0.role 
    from
        users u1_0 
    where
        u1_0.email=?
2026-08-26 10:47:10.193 [http-nio-8082-exec-8] DEBUG org.hibernate.SQL - 
    select
        ca1_0.id,
        ca1_0.created_at,
        ca1_0.name,
        ca1_0.phone,
        ca1_0.user_id 
    from
        clinic_admins ca1_0 
    where
        ca1_0.user_id=?
2026-08-26 10:47:10.242 [http-nio-8082-exec-4] DEBUG org.hibernate.SQL - 
    select
        u1_0.id,
        u1_0.created_at,
        u1_0.email,
        u1_0.enabled,
        u1_0.password,
        u1_0.role 
    from
        users u1_0 
    where
        u1_0.email=?
2026-08-26 10:47:10.242 [http-nio-8082-exec-3] DEBUG org.hibernate.SQL - 
    select
        u1_0.id,
        u1_0.created_at,
        u1_0.email,
        u1_0.enabled,
        u1_0.password,
        u1_0.role 
    from
        users u1_0 
    where
        u1_0.email=?
2026-08-26 10:47:10.252 [http-nio-8082-exec-4] DEBUG org.hibernate.SQL - 
    select
        ca1_0.id,
        ca1_0.created_at,
        ca1_0.name,
        ca1_0.phone,
        ca1_0.user_id 
    from
        clinic_admins ca1_0 
    where
        ca1_0.user_id=?
2026-08-26 10:47:10.252 [http-nio-8082-exec-3] DEBUG org.hibernate.SQL - 
    select
        ca1_0.id,
        ca1_0.created_at,
        ca1_0.name,
        ca1_0.phone,
        ca1_0.user_id 
    from
        clinic_admins ca1_0 
    where
        ca1_0.user_id=?
2026-08-26 10:47:10.259 [http-nio-8082-exec-3] DEBUG org.hibernate.SQL - 
    select
        c1_0.id,
        c1_0.active,
        c1_0.address,
        c1_0.city,
        c1_0.clinic_admin_id,
        c1_0.clinic_name,
        c1_0.latitude,
        c1_0.longitude,
        c1_0.phone,
        c1_0.pincode,
        c1_0.verified 
    from
        clinics c1_0 
    where
        c1_0.clinic_admin_id=?
2026-08-26 10:47:10.259 [http-nio-8082-exec-4] DEBUG org.hibernate.SQL - 
    select
        c1_0.id,
        c1_0.active,
        c1_0.address,
        c1_0.city,
        c1_0.clinic_admin_id,
        c1_0.clinic_name,
        c1_0.latitude,
        c1_0.longitude,
        c1_0.phone,
        c1_0.pincode,
        c1_0.verified 
    from
        clinics c1_0 
    where
        c1_0.clinic_admin_id=?
2026-08-26 10:47:10.269 [http-nio-8082-exec-3] DEBUG org.hibernate.SQL - 
    select
        count(dca1_0.id) 
    from
        doctor_clinic_associations dca1_0 
    where
        dca1_0.clinic_id=? 
        and dca1_0.status=?
2026-08-26 10:47:10.270 [http-nio-8082-exec-3] DEBUG org.hibernate.SQL - 
    select
        count(dca1_0.id) 
    from
        doctor_clinic_associations dca1_0 
    where
        dca1_0.clinic_id=? 
        and dca1_0.status=?
2026-08-26 10:47:10.270 [http-nio-8082-exec-4] DEBUG org.hibernate.SQL - 
    select
        dca1_0.id,
        dca1_0.clinic_id,
        dca1_0.created_at,
        dca1_0.doctor_id,
        dca1_0.initiated_by,
        dca1_0.responded_at,
        dca1_0.status 
    from
        doctor_clinic_associations dca1_0 
    where
        dca1_0.clinic_id in (?, ?)
2026-08-26 10:47:10.281 [http-nio-8082-exec-4] DEBUG org.hibernate.SQL - 
    select
        d1_0.id,
        d1_0.active,
        d1_0.avg_rating,
        d1_0.consultation_fee,
        d1_0.created_at,
        d1_0.dob,
        d1_0.experience_years,
        d1_0.gender,
        d1_0.name,
        d1_0.profile_image_url,
        d1_0.qualification,
        d1_0.rating_count,
        d1_0.user_id,
        d1_0.verified 
    from
        doctors d1_0 
    where
        d1_0.id=?
2026-08-26 10:47:10.283 [http-nio-8082-exec-6] DEBUG org.hibernate.SQL - 
    select
        u1_0.id,
        u1_0.created_at,
        u1_0.email,
        u1_0.enabled,
        u1_0.password,
        u1_0.role 
    from
        users u1_0 
    where
        u1_0.email=?
2026-08-26 10:47:10.291 [http-nio-8082-exec-6] DEBUG org.hibernate.SQL - 
    select
        ca1_0.id,
        ca1_0.created_at,
        ca1_0.name,
        ca1_0.phone,
        ca1_0.user_id 
    from
        clinic_admins ca1_0 
    where
        ca1_0.user_id=?
2026-08-26 10:47:10.300 [http-nio-8082-exec-6] DEBUG org.hibernate.SQL - 
    select
        c1_0.id,
        c1_0.active,
        c1_0.address,
        c1_0.city,
        c1_0.clinic_admin_id,
        c1_0.clinic_name,
        c1_0.latitude,
        c1_0.longitude,
        c1_0.phone,
        c1_0.pincode,
        c1_0.verified 
    from
        clinics c1_0 
    where
        c1_0.clinic_admin_id=?
2026-08-26 10:47:10.302 [http-nio-8082-exec-5] DEBUG org.hibernate.SQL - 
    select
        u1_0.id,
        u1_0.created_at,
        u1_0.email,
        u1_0.enabled,
        u1_0.password,
        u1_0.role 
    from
        users u1_0 
    where
        u1_0.email=?
2026-08-26 10:47:10.302 [http-nio-8082-exec-6] DEBUG org.hibernate.SQL - 
    select
        count(dca1_0.id) 
    from
        doctor_clinic_associations dca1_0 
    where
        dca1_0.clinic_id=? 
        and dca1_0.status=?
2026-08-26 10:47:10.308 [http-nio-8082-exec-6] DEBUG org.hibernate.SQL - 
    select
        count(dca1_0.id) 
    from
        doctor_clinic_associations dca1_0 
    where
        dca1_0.clinic_id=? 
        and dca1_0.status=?
2026-08-26 10:47:10.308 [http-nio-8082-exec-5] DEBUG org.hibernate.SQL - 
    select
        ca1_0.id,
        ca1_0.created_at,
        ca1_0.name,
        ca1_0.phone,
        ca1_0.user_id 
    from
        clinic_admins ca1_0 
    where
        ca1_0.user_id=?
2026-08-26 10:47:10.308 [http-nio-8082-exec-5] DEBUG org.hibernate.SQL - 
    select
        c1_0.id,
        c1_0.active,
        c1_0.address,
        c1_0.city,
        c1_0.clinic_admin_id,
        c1_0.clinic_name,
        c1_0.latitude,
        c1_0.longitude,
        c1_0.phone,
        c1_0.pincode,
        c1_0.verified 
    from
        clinics c1_0 
    where
        c1_0.clinic_admin_id=?
2026-08-26 10:47:10.319 [http-nio-8082-exec-5] DEBUG org.hibernate.SQL - 
    select
        dca1_0.id,
        dca1_0.clinic_id,
        dca1_0.created_at,
        dca1_0.doctor_id,
        dca1_0.initiated_by,
        dca1_0.responded_at,
        dca1_0.status 
    from
        doctor_clinic_associations dca1_0 
    where
        dca1_0.clinic_id in (?, ?)
2026-08-26 10:47:10.319 [http-nio-8082-exec-5] DEBUG org.hibernate.SQL - 
    select
        d1_0.id,
        d1_0.active,
        d1_0.avg_rating,
        d1_0.consultation_fee,
        d1_0.created_at,
        d1_0.dob,
        d1_0.experience_years,
        d1_0.gender,
        d1_0.name,
        d1_0.profile_image_url,
        d1_0.qualification,
        d1_0.rating_count,
        d1_0.user_id,
        d1_0.verified 
    from
        doctors d1_0 
    where
        d1_0.id=?
2026-08-26 10:47:15.660 [http-nio-8082-exec-2] DEBUG org.hibernate.SQL - 
    select
        u1_0.id,
        u1_0.created_at,
        u1_0.email,
        u1_0.enabled,
        u1_0.password,
        u1_0.role 
    from
        users u1_0 
    where
        u1_0.email=?
2026-08-26 10:47:15.668 [http-nio-8082-exec-2] DEBUG org.hibernate.SQL - 
    select
        ca1_0.id,
        ca1_0.created_at,
        ca1_0.name,
        ca1_0.phone,
        ca1_0.user_id 
    from
        clinic_admins ca1_0 
    where
        ca1_0.user_id=?
2026-08-26 10:47:15.668 [http-nio-8082-exec-2] DEBUG org.hibernate.SQL - 
    select
        c1_0.id,
        c1_0.active,
        c1_0.address,
        c1_0.city,
        c1_0.clinic_admin_id,
        c1_0.clinic_name,
        c1_0.latitude,
        c1_0.longitude,
        c1_0.phone,
        c1_0.pincode,
        c1_0.verified 
    from
        clinics c1_0 
    where
        c1_0.clinic_admin_id=?
2026-08-26 10:47:15.676 [http-nio-8082-exec-2] DEBUG org.hibernate.SQL - 
    select
        count(dca1_0.id) 
    from
        doctor_clinic_associations dca1_0 
    where
        dca1_0.clinic_id=? 
        and dca1_0.status=?
2026-08-26 10:47:15.676 [http-nio-8082-exec-2] DEBUG org.hibernate.SQL - 
    select
        count(dca1_0.id) 
    from
        doctor_clinic_associations dca1_0 
    where
        dca1_0.clinic_id=? 
        and dca1_0.status=?
2026-08-26 10:47:15.697 [http-nio-8082-exec-9] DEBUG org.hibernate.SQL - 
    select
        u1_0.id,
        u1_0.created_at,
        u1_0.email,
        u1_0.enabled,
        u1_0.password,
        u1_0.role 
    from
        users u1_0 
    where
        u1_0.email=?
2026-08-26 10:47:15.701 [http-nio-8082-exec-9] DEBUG org.hibernate.SQL - 
    select
        ca1_0.id,
        ca1_0.created_at,
        ca1_0.name,
        ca1_0.phone,
        ca1_0.user_id 
    from
        clinic_admins ca1_0 
    where
        ca1_0.user_id=?
2026-08-26 10:47:15.711 [http-nio-8082-exec-9] DEBUG org.hibernate.SQL - 
    select
        c1_0.id,
        c1_0.active,
        c1_0.address,
        c1_0.city,
        c1_0.clinic_admin_id,
        c1_0.clinic_name,
        c1_0.latitude,
        c1_0.longitude,
        c1_0.phone,
        c1_0.pincode,
        c1_0.verified 
    from
        clinics c1_0 
    where
        c1_0.clinic_admin_id=?
2026-08-26 10:47:15.715 [http-nio-8082-exec-9] DEBUG org.hibernate.SQL - 
    select
        count(dca1_0.id) 
    from
        doctor_clinic_associations dca1_0 
    where
        dca1_0.clinic_id=? 
        and dca1_0.status=?
2026-08-26 10:47:15.721 [http-nio-8082-exec-9] DEBUG org.hibernate.SQL - 
    select
        count(dca1_0.id) 
    from
        doctor_clinic_associations dca1_0 
    where
        dca1_0.clinic_id=? 
        and dca1_0.status=?
2026-08-26 10:48:11.515 [RMI TCP Connection(11)-127.0.0.1] INFO  o.s.b.a.SpringApplicationAdminMXBeanRegistrar$SpringApplicationAdmin - Application shutdown requested.
2026-08-26 10:48:11.524 [RMI TCP Connection(11)-127.0.0.1] INFO  o.a.coyote.http11.Http11NioProtocol - Stopping ProtocolHandler ["http-nio-8082"]
2026-08-26 10:48:11.553 [RMI TCP Connection(11)-127.0.0.1] INFO  o.s.o.j.LocalContainerEntityManagerFactoryBean - Closing JPA EntityManagerFactory for persistence unit 'default'
2026-08-26 10:48:11.560 [RMI TCP Connection(11)-127.0.0.1] INFO  com.zaxxer.hikari.HikariDataSource - HikariPool-1 - Shutdown initiated...
2026-08-26 10:48:11.574 [RMI TCP Connection(11)-127.0.0.1] INFO  com.zaxxer.hikari.HikariDataSource - HikariPool-1 - Shutdown completed.
2026-08-26 11:05:36.344 [background-preinit] INFO  o.h.validator.internal.util.Version - HV000001: Hibernate Validator 8.0.1.Final
2026-08-26 11:05:36.401 [restartedMain] INFO  com.doctorapp.DoctorAppApplication - Starting DoctorAppApplication using Java 21.0.11 with PID 11980 (C:\Users\ashis\doctor appointment\doctorapp-backend\target\classes started by ashis in C:\Users\ashis\doctor appointment\doctorapp-backend)
2026-08-26 11:05:36.401 [restartedMain] DEBUG com.doctorapp.DoctorAppApplication - Running with Spring Boot v3.3.4, Spring v6.1.13
2026-08-26 11:05:36.403 [restartedMain] INFO  com.doctorapp.DoctorAppApplication - No active profile set, falling back to 1 default profile: "default"
2026-08-26 11:05:36.478 [restartedMain] INFO  o.s.b.d.e.DevToolsPropertyDefaultsPostProcessor - Devtools property defaults active! Set 'spring.devtools.add-properties' to 'false' to disable
2026-08-26 11:05:36.478 [restartedMain] INFO  o.s.b.d.e.DevToolsPropertyDefaultsPostProcessor - For additional web related logging consider setting the 'logging.level.web' property to 'DEBUG'
2026-08-26 11:05:37.453 [restartedMain] INFO  o.s.d.r.c.RepositoryConfigurationDelegate - Bootstrapping Spring Data JPA repositories in DEFAULT mode.
2026-08-26 11:05:37.558 [restartedMain] INFO  o.s.d.r.c.RepositoryConfigurationDelegate - Finished Spring Data repository scanning in 95 ms. Found 11 JPA repository interfaces.
2026-08-26 11:05:38.418 [restartedMain] INFO  o.s.b.w.e.tomcat.TomcatWebServer - Tomcat initialized with port 8082 (http)
2026-08-26 11:05:38.435 [restartedMain] INFO  o.a.coyote.http11.Http11NioProtocol - Initializing ProtocolHandler ["http-nio-8082"]
2026-08-26 11:05:38.440 [restartedMain] INFO  o.a.catalina.core.StandardService - Starting service [Tomcat]
2026-08-26 11:05:38.441 [restartedMain] INFO  o.a.catalina.core.StandardEngine - Starting Servlet engine: [Apache Tomcat/10.1.30]
2026-08-26 11:05:38.519 [restartedMain] INFO  o.a.c.c.C.[Tomcat].[localhost].[/] - Initializing Spring embedded WebApplicationContext
2026-08-26 11:05:38.520 [restartedMain] INFO  o.s.b.w.s.c.ServletWebServerApplicationContext - Root WebApplicationContext: initialization completed in 2041 ms
2026-08-26 11:05:38.675 [restartedMain] INFO  o.h.jpa.internal.util.LogHelper - HHH000204: Processing PersistenceUnitInfo [name: default]
2026-08-26 11:05:38.739 [restartedMain] INFO  org.hibernate.Version - HHH000412: Hibernate ORM core version 6.5.3.Final
2026-08-26 11:05:38.775 [restartedMain] INFO  o.h.c.i.RegionFactoryInitiator - HHH000026: Second-level cache disabled
2026-08-26 11:05:39.214 [restartedMain] INFO  o.s.o.j.p.SpringPersistenceUnitInfo - No LoadTimeWeaver setup: ignoring JPA class transformer
2026-08-26 11:05:39.261 [restartedMain] INFO  com.zaxxer.hikari.HikariDataSource - HikariPool-1 - Starting...
2026-08-26 11:05:39.462 [restartedMain] INFO  com.zaxxer.hikari.pool.HikariPool - HikariPool-1 - Added connection com.mysql.cj.jdbc.ConnectionImpl@1b7e3044
2026-08-26 11:05:39.465 [restartedMain] INFO  com.zaxxer.hikari.HikariDataSource - HikariPool-1 - Start completed.
2026-08-26 11:05:39.543 [restartedMain] WARN  org.hibernate.orm.deprecation - HHH90000025: MySQLDialect does not need to be specified explicitly using 'hibernate.dialect' (remove the property setting and it will be selected by default)
2026-08-26 11:05:41.160 [restartedMain] INFO  o.h.e.t.j.p.i.JtaPlatformInitiator - HHH000489: No JTA platform available (set 'hibernate.transaction.jta.platform' to enable JTA platform integration)
2026-08-26 11:05:41.249 [restartedMain] DEBUG org.hibernate.SQL - 
    alter table appointment_slots 
       modify column status enum ('AVAILABLE','BOOKED','CANCELLED','LOCKED') not null
2026-08-26 11:05:41.287 [restartedMain] DEBUG org.hibernate.SQL - 
    alter table appointments 
       modify column payment_status enum ('NOT_REQUIRED','PAID','PENDING','REFUNDED') not null
2026-08-26 11:05:41.312 [restartedMain] DEBUG org.hibernate.SQL - 
    alter table appointments 
       modify column status enum ('BOOKED','CANCELLED','COMPLETED','NO_SHOW') not null
2026-08-26 11:05:41.427 [restartedMain] DEBUG org.hibernate.SQL - 
    alter table doctor_availability 
       modify column day_of_week enum ('FRIDAY','MONDAY','SATURDAY','SUNDAY','THURSDAY','TUESDAY','WEDNESDAY') not null
2026-08-26 11:05:41.454 [restartedMain] DEBUG org.hibernate.SQL - 
    alter table doctor_clinic_associations 
       modify column initiated_by enum ('CLINIC','DOCTOR') not null
2026-08-26 11:05:41.466 [restartedMain] DEBUG org.hibernate.SQL - 
    alter table doctor_clinic_associations 
       modify column status enum ('APPROVED','PENDING','REJECTED','REMOVED') not null
2026-08-26 11:05:41.476 [restartedMain] DEBUG org.hibernate.SQL - 
    alter table doctors 
       modify column gender enum ('FEMALE','MALE','OTHER')
2026-08-26 11:05:41.501 [restartedMain] DEBUG org.hibernate.SQL - 
    alter table patients 
       modify column gender enum ('FEMALE','MALE','OTHER')
2026-08-26 11:05:41.518 [restartedMain] DEBUG org.hibernate.SQL - 
    alter table ratings 
       modify column status enum ('FLAGGED','HIDDEN','VISIBLE') not null
2026-08-26 11:05:41.531 [restartedMain] DEBUG org.hibernate.SQL - 
    alter table users 
       modify column role enum ('ADMIN','CLINIC_ADMIN','DOCTOR','PATIENT') not null
2026-08-26 11:05:41.689 [restartedMain] INFO  o.s.o.j.LocalContainerEntityManagerFactoryBean - Initialized JPA EntityManagerFactory for persistence unit 'default'
2026-08-26 11:05:42.078 [restartedMain] DEBUG c.doctorapp.security.JwtAuthFilter - Filter 'jwtAuthFilter' configured for use
2026-08-26 11:05:42.192 [restartedMain] INFO  o.s.d.j.r.query.QueryEnhancerFactory - Hibernate is in classpath; If applicable, HQL parser will be used.
2026-08-26 11:05:43.436 [restartedMain] INFO  o.s.s.c.a.a.c.InitializeUserDetailsBeanManagerConfigurer$InitializeUserDetailsManagerConfigurer - Global AuthenticationManager configured with UserDetailsService bean with name customUserDetailsService
2026-08-26 11:05:45.328 [restartedMain] INFO  o.s.b.d.a.OptionalLiveReloadServer - LiveReload server is running on port 35729
2026-08-26 11:05:45.377 [restartedMain] INFO  o.a.coyote.http11.Http11NioProtocol - Starting ProtocolHandler ["http-nio-8082"]
2026-08-26 11:05:45.433 [restartedMain] INFO  o.s.b.w.e.tomcat.TomcatWebServer - Tomcat started on port 8082 (http) with context path '/'
2026-08-26 11:05:45.448 [restartedMain] INFO  com.doctorapp.DoctorAppApplication - Started DoctorAppApplication in 9.666 seconds (process running for 10.634)
2026-08-26 11:05:45.730 [restartedMain] DEBUG org.hibernate.SQL - 
    select
        s1_0.id,
        s1_0.name 
    from
        specializations s1_0 
    where
        upper(s1_0.name)=upper(?)
2026-08-26 11:05:45.762 [restartedMain] DEBUG org.hibernate.SQL - 
    select
        s1_0.id,
        s1_0.name 
    from
        specializations s1_0 
    where
        upper(s1_0.name)=upper(?)
2026-08-26 11:05:45.782 [restartedMain] DEBUG org.hibernate.SQL - 
    select
        s1_0.id,
        s1_0.name 
    from
        specializations s1_0 
    where
        upper(s1_0.name)=upper(?)
2026-08-26 11:05:45.784 [restartedMain] DEBUG org.hibernate.SQL - 
    select
        s1_0.id,
        s1_0.name 
    from
        specializations s1_0 
    where
        upper(s1_0.name)=upper(?)
2026-08-26 11:05:45.793 [restartedMain] DEBUG org.hibernate.SQL - 
    select
        s1_0.id,
        s1_0.name 
    from
        specializations s1_0 
    where
        upper(s1_0.name)=upper(?)
2026-08-26 11:05:45.794 [restartedMain] DEBUG org.hibernate.SQL - 
    select
        s1_0.id,
        s1_0.name 
    from
        specializations s1_0 
    where
        upper(s1_0.name)=upper(?)
2026-08-26 11:05:45.794 [restartedMain] DEBUG org.hibernate.SQL - 
    select
        s1_0.id,
        s1_0.name 
    from
        specializations s1_0 
    where
        upper(s1_0.name)=upper(?)
2026-08-26 11:05:45.794 [restartedMain] DEBUG org.hibernate.SQL - 
    select
        s1_0.id,
        s1_0.name 
    from
        specializations s1_0 
    where
        upper(s1_0.name)=upper(?)
2026-08-26 11:05:45.816 [restartedMain] DEBUG org.hibernate.SQL - 
    select
        s1_0.id,
        s1_0.name 
    from
        specializations s1_0 
    where
        upper(s1_0.name)=upper(?)
2026-08-26 11:05:45.821 [restartedMain] DEBUG org.hibernate.SQL - 
    select
        s1_0.id,
        s1_0.name 
    from
        specializations s1_0 
    where
        upper(s1_0.name)=upper(?)
2026-08-26 11:05:45.825 [restartedMain] DEBUG org.hibernate.SQL - 
    select
        u1_0.id 
    from
        users u1_0 
    where
        u1_0.email=? 
    limit
        ?
2026-08-26 11:05:49.010 [http-nio-8082-exec-1] INFO  o.a.c.c.C.[Tomcat].[localhost].[/] - Initializing Spring DispatcherServlet 'dispatcherServlet'
2026-08-26 11:05:49.010 [http-nio-8082-exec-1] INFO  o.s.web.servlet.DispatcherServlet - Initializing Servlet 'dispatcherServlet'
2026-08-26 11:05:49.021 [http-nio-8082-exec-1] INFO  o.s.web.servlet.DispatcherServlet - Completed initialization in 11 ms
2026-08-26 11:06:09.050 [http-nio-8082-exec-6] DEBUG org.hibernate.SQL - 
    select
        u1_0.id,
        u1_0.created_at,
        u1_0.email,
        u1_0.enabled,
        u1_0.password,
        u1_0.role 
    from
        users u1_0 
    where
        u1_0.email=?
2026-08-26 11:06:09.315 [http-nio-8082-exec-6] DEBUG org.hibernate.SQL - 
    select
        u1_0.id,
        u1_0.created_at,
        u1_0.email,
        u1_0.enabled,
        u1_0.password,
        u1_0.role 
    from
        users u1_0 
    where
        u1_0.email=?
2026-08-26 11:06:09.331 [http-nio-8082-exec-6] DEBUG org.hibernate.SQL - 
    select
        ca1_0.id,
        ca1_0.created_at,
        ca1_0.name,
        ca1_0.phone,
        ca1_0.user_id 
    from
        clinic_admins ca1_0 
    where
        ca1_0.user_id=?
2026-08-26 11:06:09.492 [http-nio-8082-exec-1] DEBUG org.hibernate.SQL - 
    select
        u1_0.id,
        u1_0.created_at,
        u1_0.email,
        u1_0.enabled,
        u1_0.password,
        u1_0.role 
    from
        users u1_0 
    where
        u1_0.email=?
2026-08-26 11:06:09.492 [http-nio-8082-exec-9] DEBUG org.hibernate.SQL - 
    select
        u1_0.id,
        u1_0.created_at,
        u1_0.email,
        u1_0.enabled,
        u1_0.password,
        u1_0.role 
    from
        users u1_0 
    where
        u1_0.email=?
2026-08-26 11:06:09.565 [http-nio-8082-exec-9] DEBUG org.hibernate.SQL - 
    select
        ca1_0.id,
        ca1_0.created_at,
        ca1_0.name,
        ca1_0.phone,
        ca1_0.user_id 
    from
        clinic_admins ca1_0 
    where
        ca1_0.user_id=?
2026-08-26 11:06:09.565 [http-nio-8082-exec-1] DEBUG org.hibernate.SQL - 
    select
        ca1_0.id,
        ca1_0.created_at,
        ca1_0.name,
        ca1_0.phone,
        ca1_0.user_id 
    from
        clinic_admins ca1_0 
    where
        ca1_0.user_id=?
2026-08-26 11:06:09.596 [http-nio-8082-exec-9] DEBUG org.hibernate.SQL - 
    select
        c1_0.id,
        c1_0.active,
        c1_0.address,
        c1_0.city,
        c1_0.clinic_admin_id,
        c1_0.clinic_name,
        c1_0.latitude,
        c1_0.longitude,
        c1_0.phone,
        c1_0.pincode,
        c1_0.verified 
    from
        clinics c1_0 
    where
        c1_0.clinic_admin_id=?
2026-08-26 11:06:09.596 [http-nio-8082-exec-1] DEBUG org.hibernate.SQL - 
    select
        c1_0.id,
        c1_0.active,
        c1_0.address,
        c1_0.city,
        c1_0.clinic_admin_id,
        c1_0.clinic_name,
        c1_0.latitude,
        c1_0.longitude,
        c1_0.phone,
        c1_0.pincode,
        c1_0.verified 
    from
        clinics c1_0 
    where
        c1_0.clinic_admin_id=?
2026-08-26 11:06:09.628 [http-nio-8082-exec-9] DEBUG org.hibernate.SQL - 
    select
        dca1_0.id,
        dca1_0.clinic_id,
        dca1_0.created_at,
        dca1_0.doctor_id,
        dca1_0.initiated_by,
        dca1_0.responded_at,
        dca1_0.status 
    from
        doctor_clinic_associations dca1_0 
    where
        dca1_0.clinic_id in (?, ?)
2026-08-26 11:06:09.628 [http-nio-8082-exec-1] DEBUG org.hibernate.SQL - 
    select
        count(dca1_0.id) 
    from
        doctor_clinic_associations dca1_0 
    where
        dca1_0.clinic_id=? 
        and dca1_0.status=?
2026-08-26 11:06:09.639 [http-nio-8082-exec-1] DEBUG org.hibernate.SQL - 
    select
        count(dca1_0.id) 
    from
        doctor_clinic_associations dca1_0 
    where
        dca1_0.clinic_id=? 
        and dca1_0.status=?
2026-08-26 11:06:09.656 [http-nio-8082-exec-9] DEBUG org.hibernate.SQL - 
    select
        d1_0.id,
        d1_0.active,
        d1_0.avg_rating,
        d1_0.consultation_fee,
        d1_0.created_at,
        d1_0.dob,
        d1_0.experience_years,
        d1_0.gender,
        d1_0.name,
        d1_0.profile_image_url,
        d1_0.qualification,
        d1_0.rating_count,
        d1_0.user_id,
        d1_0.verified 
    from
        doctors d1_0 
    where
        d1_0.id=?
2026-08-26 11:06:09.684 [http-nio-8082-exec-3] DEBUG org.hibernate.SQL - 
    select
        u1_0.id,
        u1_0.created_at,
        u1_0.email,
        u1_0.enabled,
        u1_0.password,
        u1_0.role 
    from
        users u1_0 
    where
        u1_0.email=?
2026-08-26 11:06:09.692 [http-nio-8082-exec-3] DEBUG org.hibernate.SQL - 
    select
        ca1_0.id,
        ca1_0.created_at,
        ca1_0.name,
        ca1_0.phone,
        ca1_0.user_id 
    from
        clinic_admins ca1_0 
    where
        ca1_0.user_id=?
2026-08-26 11:06:09.700 [http-nio-8082-exec-3] DEBUG org.hibernate.SQL - 
    select
        c1_0.id,
        c1_0.active,
        c1_0.address,
        c1_0.city,
        c1_0.clinic_admin_id,
        c1_0.clinic_name,
        c1_0.latitude,
        c1_0.longitude,
        c1_0.phone,
        c1_0.pincode,
        c1_0.verified 
    from
        clinics c1_0 
    where
        c1_0.clinic_admin_id=?
2026-08-26 11:06:09.706 [http-nio-8082-exec-3] DEBUG org.hibernate.SQL - 
    select
        count(dca1_0.id) 
    from
        doctor_clinic_associations dca1_0 
    where
        dca1_0.clinic_id=? 
        and dca1_0.status=?
2026-08-26 11:06:09.711 [http-nio-8082-exec-3] DEBUG org.hibernate.SQL - 
    select
        count(dca1_0.id) 
    from
        doctor_clinic_associations dca1_0 
    where
        dca1_0.clinic_id=? 
        and dca1_0.status=?
2026-08-26 11:06:09.711 [http-nio-8082-exec-4] DEBUG org.hibernate.SQL - 
    select
        u1_0.id,
        u1_0.created_at,
        u1_0.email,
        u1_0.enabled,
        u1_0.password,
        u1_0.role 
    from
        users u1_0 
    where
        u1_0.email=?
2026-08-26 11:06:09.721 [http-nio-8082-exec-4] DEBUG org.hibernate.SQL - 
    select
        ca1_0.id,
        ca1_0.created_at,
        ca1_0.name,
        ca1_0.phone,
        ca1_0.user_id 
    from
        clinic_admins ca1_0 
    where
        ca1_0.user_id=?
2026-08-26 11:06:09.729 [http-nio-8082-exec-4] DEBUG org.hibernate.SQL - 
    select
        c1_0.id,
        c1_0.active,
        c1_0.address,
        c1_0.city,
        c1_0.clinic_admin_id,
        c1_0.clinic_name,
        c1_0.latitude,
        c1_0.longitude,
        c1_0.phone,
        c1_0.pincode,
        c1_0.verified 
    from
        clinics c1_0 
    where
        c1_0.clinic_admin_id=?
2026-08-26 11:06:09.738 [http-nio-8082-exec-4] DEBUG org.hibernate.SQL - 
    select
        dca1_0.id,
        dca1_0.clinic_id,
        dca1_0.created_at,
        dca1_0.doctor_id,
        dca1_0.initiated_by,
        dca1_0.responded_at,
        dca1_0.status 
    from
        doctor_clinic_associations dca1_0 
    where
        dca1_0.clinic_id in (?, ?)
2026-08-26 11:06:09.738 [http-nio-8082-exec-4] DEBUG org.hibernate.SQL - 
    select
        d1_0.id,
        d1_0.active,
        d1_0.avg_rating,
        d1_0.consultation_fee,
        d1_0.created_at,
        d1_0.dob,
        d1_0.experience_years,
        d1_0.gender,
        d1_0.name,
        d1_0.profile_image_url,
        d1_0.qualification,
        d1_0.rating_count,
        d1_0.user_id,
        d1_0.verified 
    from
        doctors d1_0 
    where
        d1_0.id=?
2026-08-26 11:06:13.236 [http-nio-8082-exec-5] DEBUG org.hibernate.SQL - 
    select
        u1_0.id,
        u1_0.created_at,
        u1_0.email,
        u1_0.enabled,
        u1_0.password,
        u1_0.role 
    from
        users u1_0 
    where
        u1_0.email=?
2026-08-26 11:06:13.236 [http-nio-8082-exec-5] DEBUG org.hibernate.SQL - 
    select
        ca1_0.id,
        ca1_0.created_at,
        ca1_0.name,
        ca1_0.phone,
        ca1_0.user_id 
    from
        clinic_admins ca1_0 
    where
        ca1_0.user_id=?
2026-08-26 11:06:13.252 [http-nio-8082-exec-5] DEBUG org.hibernate.SQL - 
    select
        c1_0.id,
        c1_0.active,
        c1_0.address,
        c1_0.city,
        c1_0.clinic_admin_id,
        c1_0.clinic_name,
        c1_0.latitude,
        c1_0.longitude,
        c1_0.phone,
        c1_0.pincode,
        c1_0.verified 
    from
        clinics c1_0 
    where
        c1_0.clinic_admin_id=?
2026-08-26 11:06:13.253 [http-nio-8082-exec-5] DEBUG org.hibernate.SQL - 
    select
        count(dca1_0.id) 
    from
        doctor_clinic_associations dca1_0 
    where
        dca1_0.clinic_id=? 
        and dca1_0.status=?
2026-08-26 11:06:13.253 [http-nio-8082-exec-5] DEBUG org.hibernate.SQL - 
    select
        count(dca1_0.id) 
    from
        doctor_clinic_associations dca1_0 
    where
        dca1_0.clinic_id=? 
        and dca1_0.status=?
2026-08-26 11:06:13.286 [http-nio-8082-exec-5] DEBUG org.hibernate.SQL - 
    select
        u1_0.id,
        u1_0.created_at,
        u1_0.email,
        u1_0.enabled,
        u1_0.password,
        u1_0.role 
    from
        users u1_0 
    where
        u1_0.email=?
2026-08-26 11:06:13.286 [http-nio-8082-exec-5] DEBUG org.hibernate.SQL - 
    select
        ca1_0.id,
        ca1_0.created_at,
        ca1_0.name,
        ca1_0.phone,
        ca1_0.user_id 
    from
        clinic_admins ca1_0 
    where
        ca1_0.user_id=?
2026-08-26 11:06:13.303 [http-nio-8082-exec-5] DEBUG org.hibernate.SQL - 
    select
        c1_0.id,
        c1_0.active,
        c1_0.address,
        c1_0.city,
        c1_0.clinic_admin_id,
        c1_0.clinic_name,
        c1_0.latitude,
        c1_0.longitude,
        c1_0.phone,
        c1_0.pincode,
        c1_0.verified 
    from
        clinics c1_0 
    where
        c1_0.clinic_admin_id=?
2026-08-26 11:06:13.314 [http-nio-8082-exec-5] DEBUG org.hibernate.SQL - 
    select
        count(dca1_0.id) 
    from
        doctor_clinic_associations dca1_0 
    where
        dca1_0.clinic_id=? 
        and dca1_0.status=?
2026-08-26 11:06:13.319 [http-nio-8082-exec-5] DEBUG org.hibernate.SQL - 
    select
        count(dca1_0.id) 
    from
        doctor_clinic_associations dca1_0 
    where
        dca1_0.clinic_id=? 
        and dca1_0.status=?
2026-08-26 11:08:48.251 [http-nio-8082-exec-9] DEBUG org.hibernate.SQL - 
    select
        u1_0.id,
        u1_0.created_at,
        u1_0.email,
        u1_0.enabled,
        u1_0.password,
        u1_0.role 
    from
        users u1_0 
    where
        u1_0.email=?
2026-08-26 11:08:48.552 [http-nio-8082-exec-9] WARN  c.d.exception.GlobalExceptionHandler - 401 on POST /api/auth/login: bad credentials
2026-08-26 11:08:48.568 [http-nio-8082-exec-9] WARN  o.s.w.s.m.m.a.ExceptionHandlerExceptionResolver - Resolved [org.springframework.security.authentication.BadCredentialsException: Bad credentials]
2026-08-26 11:09:00.589 [http-nio-8082-exec-8] DEBUG org.hibernate.SQL - 
    SELECT
        d.id AS doctor_id,
        d.name AS doctor_name,
        d.qualification AS qualification,
        d.experience_years AS experience_years,
        d.consultation_fee AS consultation_fee,
        d.profile_image_url AS profile_image_url,
        d.avg_rating AS avg_rating,
        d.rating_count AS rating_count,
        c.id AS clinic_id,
        c.clinic_name AS clinic_name,
        c.address AS address,
        c.latitude AS latitude,
        c.longitude AS longitude,
        (6371 * ACOS(         COS(RADIANS(?)) * COS(RADIANS(c.latitude)) *         COS(RADIANS(c.longitude) - RADIANS(?)) +         SIN(RADIANS(?)) * SIN(RADIANS(c.latitude))     )) AS distance_km 
    FROM
        doctor_clinic_associations dca 
    JOIN
        doctors d 
            ON d.id = dca.doctor_id 
    JOIN
        clinics c 
            ON c.id = dca.clinic_id 
    WHERE
        dca.status = 'APPROVED'   
        AND d.verified = true 
        AND d.active = true   
        AND c.verified = true 
        AND c.active = true   
        AND c.latitude BETWEEN ? AND ?   
        AND c.longitude BETWEEN ? AND ? 
    HAVING
        distance_km <= ? 
    ORDER BY
        distance_km ASC 
2026-08-26 11:09:59.398 [http-nio-8082-exec-9] DEBUG org.hibernate.SQL - 
    select
        u1_0.id,
        u1_0.created_at,
        u1_0.email,
        u1_0.enabled,
        u1_0.password,
        u1_0.role 
    from
        users u1_0 
    where
        u1_0.email=?
2026-08-26 11:09:59.651 [http-nio-8082-exec-9] DEBUG org.hibernate.SQL - 
    select
        u1_0.id,
        u1_0.created_at,
        u1_0.email,
        u1_0.enabled,
        u1_0.password,
        u1_0.role 
    from
        users u1_0 
    where
        u1_0.email=?
2026-08-26 11:09:59.670 [http-nio-8082-exec-9] DEBUG org.hibernate.SQL - 
    select
        d1_0.id,
        d1_0.active,
        d1_0.avg_rating,
        d1_0.consultation_fee,
        d1_0.created_at,
        d1_0.dob,
        d1_0.experience_years,
        d1_0.gender,
        d1_0.name,
        d1_0.profile_image_url,
        d1_0.qualification,
        d1_0.rating_count,
        d1_0.user_id,
        d1_0.verified 
    from
        doctors d1_0 
    where
        d1_0.user_id=?
2026-08-26 11:09:59.716 [http-nio-8082-exec-8] DEBUG org.hibernate.SQL - 
    select
        u1_0.id,
        u1_0.created_at,
        u1_0.email,
        u1_0.enabled,
        u1_0.password,
        u1_0.role 
    from
        users u1_0 
    where
        u1_0.email=?
2026-08-26 11:09:59.716 [http-nio-8082-exec-7] DEBUG org.hibernate.SQL - 
    select
        u1_0.id,
        u1_0.created_at,
        u1_0.email,
        u1_0.enabled,
        u1_0.password,
        u1_0.role 
    from
        users u1_0 
    where
        u1_0.email=?
2026-08-26 11:09:59.725 [http-nio-8082-exec-7] DEBUG org.hibernate.SQL - 
    select
        d1_0.id,
        d1_0.active,
        d1_0.avg_rating,
        d1_0.consultation_fee,
        d1_0.created_at,
        d1_0.dob,
        d1_0.experience_years,
        d1_0.gender,
        d1_0.name,
        d1_0.profile_image_url,
        d1_0.qualification,
        d1_0.rating_count,
        d1_0.user_id,
        d1_0.verified 
    from
        doctors d1_0 
    where
        d1_0.user_id=?
2026-08-26 11:09:59.725 [http-nio-8082-exec-8] DEBUG org.hibernate.SQL - 
    select
        d1_0.id,
        d1_0.active,
        d1_0.avg_rating,
        d1_0.consultation_fee,
        d1_0.created_at,
        d1_0.dob,
        d1_0.experience_years,
        d1_0.gender,
        d1_0.name,
        d1_0.profile_image_url,
        d1_0.qualification,
        d1_0.rating_count,
        d1_0.user_id,
        d1_0.verified 
    from
        doctors d1_0 
    where
        d1_0.user_id=?
2026-08-26 11:09:59.741 [http-nio-8082-exec-8] DEBUG org.hibernate.SQL - 
    select
        a1_0.id,
        a1_0.appointment_date,
        a1_0.clinic_id,
        a1_0.consultation_fee,
        a1_0.created_at,
        a1_0.doctor_id,
        a1_0.end_time,
        a1_0.patient_id,
        a1_0.payment_status,
        a1_0.slot_id,
        a1_0.start_time,
        a1_0.status 
    from
        appointments a1_0 
    where
        a1_0.doctor_id=? 
    order by
        a1_0.appointment_date desc,
        a1_0.start_time desc
2026-08-26 11:09:59.748 [http-nio-8082-exec-7] DEBUG org.hibernate.SQL - 
    select
        d1_0.id,
        d1_0.active,
        d1_0.avg_rating,
        d1_0.consultation_fee,
        d1_0.created_at,
        d1_0.dob,
        d1_0.experience_years,
        d1_0.gender,
        d1_0.name,
        d1_0.profile_image_url,
        d1_0.qualification,
        d1_0.rating_count,
        d1_0.user_id,
        d1_0.verified 
    from
        doctors d1_0 
    where
        d1_0.id=?
2026-08-26 11:09:59.756 [http-nio-8082-exec-7] DEBUG org.hibernate.SQL - 
    select
        dca1_0.id,
        dca1_0.clinic_id,
        dca1_0.created_at,
        dca1_0.doctor_id,
        dca1_0.initiated_by,
        dca1_0.responded_at,
        dca1_0.status 
    from
        doctor_clinic_associations dca1_0 
    where
        dca1_0.doctor_id=? 
        and dca1_0.status=?
2026-08-26 11:09:59.756 [http-nio-8082-exec-8] DEBUG org.hibernate.SQL - 
    select
        p1_0.id,
        p1_0.dob,
        p1_0.gender,
        p1_0.last_known_lat,
        p1_0.last_known_lng,
        p1_0.name,
        p1_0.phone,
        p1_0.user_id 
    from
        patients p1_0 
    where
        p1_0.id=?
2026-08-26 11:09:59.756 [http-nio-8082-exec-8] DEBUG org.hibernate.SQL - 
    select
        c1_0.id,
        c1_0.active,
        c1_0.address,
        c1_0.city,
        c1_0.clinic_admin_id,
        c1_0.clinic_name,
        c1_0.latitude,
        c1_0.longitude,
        c1_0.phone,
        c1_0.pincode,
        c1_0.verified 
    from
        clinics c1_0 
    where
        c1_0.id=?
2026-08-26 11:09:59.764 [http-nio-8082-exec-8] DEBUG org.hibernate.SQL - 
    select
        p1_0.id,
        p1_0.dob,
        p1_0.gender,
        p1_0.last_known_lat,
        p1_0.last_known_lng,
        p1_0.name,
        p1_0.phone,
        p1_0.user_id 
    from
        patients p1_0 
    where
        p1_0.id=?
2026-08-26 11:09:59.764 [http-nio-8082-exec-7] DEBUG org.hibernate.SQL - 
    select
        s1_0.doctor_id,
        s1_1.id,
        s1_1.name 
    from
        doctor_specializations s1_0 
    join
        specializations s1_1 
            on s1_1.id=s1_0.specialization_id 
    where
        s1_0.doctor_id=?
2026-08-26 11:09:59.780 [http-nio-8082-exec-2] DEBUG org.hibernate.SQL - 
    select
        u1_0.id,
        u1_0.created_at,
        u1_0.email,
        u1_0.enabled,
        u1_0.password,
        u1_0.role 
    from
        users u1_0 
    where
        u1_0.email=?
2026-08-26 11:09:59.780 [http-nio-8082-exec-7] DEBUG org.hibernate.SQL - 
    select
        c1_0.id,
        c1_0.active,
        c1_0.address,
        c1_0.city,
        c1_0.clinic_admin_id,
        c1_0.clinic_name,
        c1_0.latitude,
        c1_0.longitude,
        c1_0.phone,
        c1_0.pincode,
        c1_0.verified 
    from
        clinics c1_0 
    where
        c1_0.id=?
2026-08-26 11:09:59.780 [http-nio-8082-exec-7] DEBUG org.hibernate.SQL - 
    select
        c1_0.id,
        c1_0.active,
        c1_0.address,
        c1_0.city,
        c1_0.clinic_admin_id,
        c1_0.clinic_name,
        c1_0.latitude,
        c1_0.longitude,
        c1_0.phone,
        c1_0.pincode,
        c1_0.verified 
    from
        clinics c1_0 
    where
        c1_0.id=?
2026-08-26 11:09:59.796 [http-nio-8082-exec-2] DEBUG org.hibernate.SQL - 
    select
        d1_0.id,
        d1_0.active,
        d1_0.avg_rating,
        d1_0.consultation_fee,
        d1_0.created_at,
        d1_0.dob,
        d1_0.experience_years,
        d1_0.gender,
        d1_0.name,
        d1_0.profile_image_url,
        d1_0.qualification,
        d1_0.rating_count,
        d1_0.user_id,
        d1_0.verified 
    from
        doctors d1_0 
    where
        d1_0.user_id=?
2026-08-26 11:09:59.796 [http-nio-8082-exec-2] DEBUG org.hibernate.SQL - 
    select
        a1_0.id,
        a1_0.appointment_date,
        a1_0.clinic_id,
        a1_0.consultation_fee,
        a1_0.created_at,
        a1_0.doctor_id,
        a1_0.end_time,
        a1_0.patient_id,
        a1_0.payment_status,
        a1_0.slot_id,
        a1_0.start_time,
        a1_0.status 
    from
        appointments a1_0 
    where
        a1_0.doctor_id=? 
    order by
        a1_0.appointment_date desc,
        a1_0.start_time desc
2026-08-26 11:09:59.796 [http-nio-8082-exec-2] DEBUG org.hibernate.SQL - 
    select
        p1_0.id,
        p1_0.dob,
        p1_0.gender,
        p1_0.last_known_lat,
        p1_0.last_known_lng,
        p1_0.name,
        p1_0.phone,
        p1_0.user_id 
    from
        patients p1_0 
    where
        p1_0.id=?
2026-08-26 11:09:59.812 [http-nio-8082-exec-2] DEBUG org.hibernate.SQL - 
    select
        c1_0.id,
        c1_0.active,
        c1_0.address,
        c1_0.city,
        c1_0.clinic_admin_id,
        c1_0.clinic_name,
        c1_0.latitude,
        c1_0.longitude,
        c1_0.phone,
        c1_0.pincode,
        c1_0.verified 
    from
        clinics c1_0 
    where
        c1_0.id=?
2026-08-26 11:09:59.812 [http-nio-8082-exec-2] DEBUG org.hibernate.SQL - 
    select
        p1_0.id,
        p1_0.dob,
        p1_0.gender,
        p1_0.last_known_lat,
        p1_0.last_known_lng,
        p1_0.name,
        p1_0.phone,
        p1_0.user_id 
    from
        patients p1_0 
    where
        p1_0.id=?
2026-08-26 11:09:59.821 [http-nio-8082-exec-10] DEBUG org.hibernate.SQL - 
    select
        u1_0.id,
        u1_0.created_at,
        u1_0.email,
        u1_0.enabled,
        u1_0.password,
        u1_0.role 
    from
        users u1_0 
    where
        u1_0.email=?
2026-08-26 11:09:59.828 [http-nio-8082-exec-10] DEBUG org.hibernate.SQL - 
    select
        d1_0.id,
        d1_0.active,
        d1_0.avg_rating,
        d1_0.consultation_fee,
        d1_0.created_at,
        d1_0.dob,
        d1_0.experience_years,
        d1_0.gender,
        d1_0.name,
        d1_0.profile_image_url,
        d1_0.qualification,
        d1_0.rating_count,
        d1_0.user_id,
        d1_0.verified 
    from
        doctors d1_0 
    where
        d1_0.user_id=?
2026-08-26 11:09:59.835 [http-nio-8082-exec-10] DEBUG org.hibernate.SQL - 
    select
        d1_0.id,
        d1_0.active,
        d1_0.avg_rating,
        d1_0.consultation_fee,
        d1_0.created_at,
        d1_0.dob,
        d1_0.experience_years,
        d1_0.gender,
        d1_0.name,
        d1_0.profile_image_url,
        d1_0.qualification,
        d1_0.rating_count,
        d1_0.user_id,
        d1_0.verified 
    from
        doctors d1_0 
    where
        d1_0.id=?
2026-08-26 11:09:59.840 [http-nio-8082-exec-10] DEBUG org.hibernate.SQL - 
    select
        dca1_0.id,
        dca1_0.clinic_id,
        dca1_0.created_at,
        dca1_0.doctor_id,
        dca1_0.initiated_by,
        dca1_0.responded_at,
        dca1_0.status 
    from
        doctor_clinic_associations dca1_0 
    where
        dca1_0.doctor_id=? 
        and dca1_0.status=?
2026-08-26 11:09:59.848 [http-nio-8082-exec-10] DEBUG org.hibernate.SQL - 
    select
        s1_0.doctor_id,
        s1_1.id,
        s1_1.name 
    from
        doctor_specializations s1_0 
    join
        specializations s1_1 
            on s1_1.id=s1_0.specialization_id 
    where
        s1_0.doctor_id=?
2026-08-26 11:09:59.848 [http-nio-8082-exec-10] DEBUG org.hibernate.SQL - 
    select
        c1_0.id,
        c1_0.active,
        c1_0.address,
        c1_0.city,
        c1_0.clinic_admin_id,
        c1_0.clinic_name,
        c1_0.latitude,
        c1_0.longitude,
        c1_0.phone,
        c1_0.pincode,
        c1_0.verified 
    from
        clinics c1_0 
    where
        c1_0.id=?
2026-08-26 11:09:59.848 [http-nio-8082-exec-10] DEBUG org.hibernate.SQL - 
    select
        c1_0.id,
        c1_0.active,
        c1_0.address,
        c1_0.city,
        c1_0.clinic_admin_id,
        c1_0.clinic_name,
        c1_0.latitude,
        c1_0.longitude,
        c1_0.phone,
        c1_0.pincode,
        c1_0.verified 
    from
        clinics c1_0 
    where
        c1_0.id=?
2026-08-26 11:10:05.591 [http-nio-8082-exec-3] DEBUG org.hibernate.SQL - 
    select
        u1_0.id,
        u1_0.created_at,
        u1_0.email,
        u1_0.enabled,
        u1_0.password,
        u1_0.role 
    from
        users u1_0 
    where
        u1_0.email=?
2026-08-26 11:10:05.606 [http-nio-8082-exec-3] DEBUG org.hibernate.SQL - 
    select
        d1_0.id,
        d1_0.active,
        d1_0.avg_rating,
        d1_0.consultation_fee,
        d1_0.created_at,
        d1_0.dob,
        d1_0.experience_years,
        d1_0.gender,
        d1_0.name,
        d1_0.profile_image_url,
        d1_0.qualification,
        d1_0.rating_count,
        d1_0.user_id,
        d1_0.verified 
    from
        doctors d1_0 
    where
        d1_0.user_id=?
2026-08-26 11:10:05.613 [http-nio-8082-exec-3] DEBUG org.hibernate.SQL - 
    select
        a1_0.id,
        a1_0.appointment_date,
        a1_0.clinic_id,
        a1_0.consultation_fee,
        a1_0.created_at,
        a1_0.doctor_id,
        a1_0.end_time,
        a1_0.patient_id,
        a1_0.payment_status,
        a1_0.slot_id,
        a1_0.start_time,
        a1_0.status 
    from
        appointments a1_0 
    where
        a1_0.doctor_id=? 
    order by
        a1_0.appointment_date desc,
        a1_0.start_time desc
2026-08-26 11:10:05.634 [http-nio-8082-exec-3] DEBUG org.hibernate.SQL - 
    select
        p1_0.id,
        p1_0.dob,
        p1_0.gender,
        p1_0.last_known_lat,
        p1_0.last_known_lng,
        p1_0.name,
        p1_0.phone,
        p1_0.user_id 
    from
        patients p1_0 
    where
        p1_0.id=?
2026-08-26 11:10:05.634 [http-nio-8082-exec-3] DEBUG org.hibernate.SQL - 
    select
        c1_0.id,
        c1_0.active,
        c1_0.address,
        c1_0.city,
        c1_0.clinic_admin_id,
        c1_0.clinic_name,
        c1_0.latitude,
        c1_0.longitude,
        c1_0.phone,
        c1_0.pincode,
        c1_0.verified 
    from
        clinics c1_0 
    where
        c1_0.id=?
2026-08-26 11:10:05.642 [http-nio-8082-exec-3] DEBUG org.hibernate.SQL - 
    select
        p1_0.id,
        p1_0.dob,
        p1_0.gender,
        p1_0.last_known_lat,
        p1_0.last_known_lng,
        p1_0.name,
        p1_0.phone,
        p1_0.user_id 
    from
        patients p1_0 
    where
        p1_0.id=?
2026-08-26 11:10:05.662 [http-nio-8082-exec-4] DEBUG org.hibernate.SQL - 
    select
        u1_0.id,
        u1_0.created_at,
        u1_0.email,
        u1_0.enabled,
        u1_0.password,
        u1_0.role 
    from
        users u1_0 
    where
        u1_0.email=?
2026-08-26 11:10:05.668 [http-nio-8082-exec-4] DEBUG org.hibernate.SQL - 
    select
        d1_0.id,
        d1_0.active,
        d1_0.avg_rating,
        d1_0.consultation_fee,
        d1_0.created_at,
        d1_0.dob,
        d1_0.experience_years,
        d1_0.gender,
        d1_0.name,
        d1_0.profile_image_url,
        d1_0.qualification,
        d1_0.rating_count,
        d1_0.user_id,
        d1_0.verified 
    from
        doctors d1_0 
    where
        d1_0.user_id=?
2026-08-26 11:10:05.676 [http-nio-8082-exec-4] DEBUG org.hibernate.SQL - 
    select
        a1_0.id,
        a1_0.appointment_date,
        a1_0.clinic_id,
        a1_0.consultation_fee,
        a1_0.created_at,
        a1_0.doctor_id,
        a1_0.end_time,
        a1_0.patient_id,
        a1_0.payment_status,
        a1_0.slot_id,
        a1_0.start_time,
        a1_0.status 
    from
        appointments a1_0 
    where
        a1_0.doctor_id=? 
    order by
        a1_0.appointment_date desc,
        a1_0.start_time desc
2026-08-26 11:10:05.676 [http-nio-8082-exec-4] DEBUG org.hibernate.SQL - 
    select
        p1_0.id,
        p1_0.dob,
        p1_0.gender,
        p1_0.last_known_lat,
        p1_0.last_known_lng,
        p1_0.name,
        p1_0.phone,
        p1_0.user_id 
    from
        patients p1_0 
    where
        p1_0.id=?
2026-08-26 11:10:05.685 [http-nio-8082-exec-4] DEBUG org.hibernate.SQL - 
    select
        c1_0.id,
        c1_0.active,
        c1_0.address,
        c1_0.city,
        c1_0.clinic_admin_id,
        c1_0.clinic_name,
        c1_0.latitude,
        c1_0.longitude,
        c1_0.phone,
        c1_0.pincode,
        c1_0.verified 
    from
        clinics c1_0 
    where
        c1_0.id=?
2026-08-26 11:10:05.685 [http-nio-8082-exec-4] DEBUG org.hibernate.SQL - 
    select
        p1_0.id,
        p1_0.dob,
        p1_0.gender,
        p1_0.last_known_lat,
        p1_0.last_known_lng,
        p1_0.name,
        p1_0.phone,
        p1_0.user_id 
    from
        patients p1_0 
    where
        p1_0.id=?
2026-08-26 11:10:12.030 [http-nio-8082-exec-8] DEBUG org.hibernate.SQL - 
    select
        u1_0.id,
        u1_0.created_at,
        u1_0.email,
        u1_0.enabled,
        u1_0.password,
        u1_0.role 
    from
        users u1_0 
    where
        u1_0.email=?
2026-08-26 11:10:12.046 [http-nio-8082-exec-8] DEBUG org.hibernate.SQL - 
    select
        d1_0.id,
        d1_0.active,
        d1_0.avg_rating,
        d1_0.consultation_fee,
        d1_0.created_at,
        d1_0.dob,
        d1_0.experience_years,
        d1_0.gender,
        d1_0.name,
        d1_0.profile_image_url,
        d1_0.qualification,
        d1_0.rating_count,
        d1_0.user_id,
        d1_0.verified 
    from
        doctors d1_0 
    where
        d1_0.user_id=?
2026-08-26 11:10:12.046 [http-nio-8082-exec-8] DEBUG org.hibernate.SQL - 
    select
        a1_0.id,
        a1_0.appointment_date,
        a1_0.clinic_id,
        a1_0.consultation_fee,
        a1_0.created_at,
        a1_0.doctor_id,
        a1_0.end_time,
        a1_0.patient_id,
        a1_0.payment_status,
        a1_0.slot_id,
        a1_0.start_time,
        a1_0.status 
    from
        appointments a1_0 
    where
        a1_0.doctor_id=? 
    order by
        a1_0.appointment_date desc,
        a1_0.start_time desc
2026-08-26 11:10:12.054 [http-nio-8082-exec-8] DEBUG org.hibernate.SQL - 
    select
        p1_0.id,
        p1_0.dob,
        p1_0.gender,
        p1_0.last_known_lat,
        p1_0.last_known_lng,
        p1_0.name,
        p1_0.phone,
        p1_0.user_id 
    from
        patients p1_0 
    where
        p1_0.id=?
2026-08-26 11:10:12.054 [http-nio-8082-exec-8] DEBUG org.hibernate.SQL - 
    select
        c1_0.id,
        c1_0.active,
        c1_0.address,
        c1_0.city,
        c1_0.clinic_admin_id,
        c1_0.clinic_name,
        c1_0.latitude,
        c1_0.longitude,
        c1_0.phone,
        c1_0.pincode,
        c1_0.verified 
    from
        clinics c1_0 
    where
        c1_0.id=?
2026-08-26 11:10:12.054 [http-nio-8082-exec-8] DEBUG org.hibernate.SQL - 
    select
        p1_0.id,
        p1_0.dob,
        p1_0.gender,
        p1_0.last_known_lat,
        p1_0.last_known_lng,
        p1_0.name,
        p1_0.phone,
        p1_0.user_id 
    from
        patients p1_0 
    where
        p1_0.id=?
2026-08-26 11:10:12.072 [http-nio-8082-exec-7] DEBUG org.hibernate.SQL - 
    select
        u1_0.id,
        u1_0.created_at,
        u1_0.email,
        u1_0.enabled,
        u1_0.password,
        u1_0.role 
    from
        users u1_0 
    where
        u1_0.email=?
2026-08-26 11:10:12.081 [http-nio-8082-exec-7] DEBUG org.hibernate.SQL - 
    select
        d1_0.id,
        d1_0.active,
        d1_0.avg_rating,
        d1_0.consultation_fee,
        d1_0.created_at,
        d1_0.dob,
        d1_0.experience_years,
        d1_0.gender,
        d1_0.name,
        d1_0.profile_image_url,
        d1_0.qualification,
        d1_0.rating_count,
        d1_0.user_id,
        d1_0.verified 
    from
        doctors d1_0 
    where
        d1_0.user_id=?
2026-08-26 11:10:12.081 [http-nio-8082-exec-7] DEBUG org.hibernate.SQL - 
    select
        a1_0.id,
        a1_0.appointment_date,
        a1_0.clinic_id,
        a1_0.consultation_fee,
        a1_0.created_at,
        a1_0.doctor_id,
        a1_0.end_time,
        a1_0.patient_id,
        a1_0.payment_status,
        a1_0.slot_id,
        a1_0.start_time,
        a1_0.status 
    from
        appointments a1_0 
    where
        a1_0.doctor_id=? 
    order by
        a1_0.appointment_date desc,
        a1_0.start_time desc
2026-08-26 11:10:12.096 [http-nio-8082-exec-7] DEBUG org.hibernate.SQL - 
    select
        p1_0.id,
        p1_0.dob,
        p1_0.gender,
        p1_0.last_known_lat,
        p1_0.last_known_lng,
        p1_0.name,
        p1_0.phone,
        p1_0.user_id 
    from
        patients p1_0 
    where
        p1_0.id=?
2026-08-26 11:10:12.098 [http-nio-8082-exec-7] DEBUG org.hibernate.SQL - 
    select
        c1_0.id,
        c1_0.active,
        c1_0.address,
        c1_0.city,
        c1_0.clinic_admin_id,
        c1_0.clinic_name,
        c1_0.latitude,
        c1_0.longitude,
        c1_0.phone,
        c1_0.pincode,
        c1_0.verified 
    from
        clinics c1_0 
    where
        c1_0.id=?
2026-08-26 11:10:12.098 [http-nio-8082-exec-7] DEBUG org.hibernate.SQL - 
    select
        p1_0.id,
        p1_0.dob,
        p1_0.gender,
        p1_0.last_known_lat,
        p1_0.last_known_lng,
        p1_0.name,
        p1_0.phone,
        p1_0.user_id 
    from
        patients p1_0 
    where
        p1_0.id=?
2026-08-26 11:10:14.336 [http-nio-8082-exec-4] DEBUG org.hibernate.SQL - 
    select
        u1_0.id,
        u1_0.created_at,
        u1_0.email,
        u1_0.enabled,
        u1_0.password,
        u1_0.role 
    from
        users u1_0 
    where
        u1_0.email=?
2026-08-26 11:10:14.336 [http-nio-8082-exec-3] DEBUG org.hibernate.SQL - 
    select
        u1_0.id,
        u1_0.created_at,
        u1_0.email,
        u1_0.enabled,
        u1_0.password,
        u1_0.role 
    from
        users u1_0 
    where
        u1_0.email=?
2026-08-26 11:10:14.345 [http-nio-8082-exec-3] DEBUG org.hibernate.SQL - 
    select
        d1_0.id,
        d1_0.active,
        d1_0.avg_rating,
        d1_0.consultation_fee,
        d1_0.created_at,
        d1_0.dob,
        d1_0.experience_years,
        d1_0.gender,
        d1_0.name,
        d1_0.profile_image_url,
        d1_0.qualification,
        d1_0.rating_count,
        d1_0.user_id,
        d1_0.verified 
    from
        doctors d1_0 
    where
        d1_0.user_id=?
2026-08-26 11:10:14.345 [http-nio-8082-exec-4] DEBUG org.hibernate.SQL - 
    select
        d1_0.id,
        d1_0.active,
        d1_0.avg_rating,
        d1_0.consultation_fee,
        d1_0.created_at,
        d1_0.dob,
        d1_0.experience_years,
        d1_0.gender,
        d1_0.name,
        d1_0.profile_image_url,
        d1_0.qualification,
        d1_0.rating_count,
        d1_0.user_id,
        d1_0.verified 
    from
        doctors d1_0 
    where
        d1_0.user_id=?
2026-08-26 11:10:14.345 [http-nio-8082-exec-4] DEBUG org.hibernate.SQL - 
    select
        dca1_0.id,
        dca1_0.clinic_id,
        dca1_0.created_at,
        dca1_0.doctor_id,
        dca1_0.initiated_by,
        dca1_0.responded_at,
        dca1_0.status 
    from
        doctor_clinic_associations dca1_0 
    where
        dca1_0.doctor_id=?
2026-08-26 11:10:14.360 [http-nio-8082-exec-3] DEBUG org.hibernate.SQL - 
    select
        da1_0.id,
        da1_0.active,
        da1_0.clinic_id,
        da1_0.day_of_week,
        da1_0.doctor_id,
        da1_0.end_time,
        da1_0.slot_duration_minutes,
        da1_0.start_time 
    from
        doctor_availability da1_0 
    where
        da1_0.doctor_id=? 
    order by
        da1_0.day_of_week,
        da1_0.start_time
2026-08-26 11:10:14.361 [http-nio-8082-exec-4] DEBUG org.hibernate.SQL - 
    select
        c1_0.id,
        c1_0.active,
        c1_0.address,
        c1_0.city,
        c1_0.clinic_admin_id,
        c1_0.clinic_name,
        c1_0.latitude,
        c1_0.longitude,
        c1_0.phone,
        c1_0.pincode,
        c1_0.verified 
    from
        clinics c1_0 
    where
        c1_0.id=?
2026-08-26 11:10:14.361 [http-nio-8082-exec-4] DEBUG org.hibernate.SQL - 
    select
        d1_0.id,
        d1_0.active,
        d1_0.avg_rating,
        d1_0.consultation_fee,
        d1_0.created_at,
        d1_0.dob,
        d1_0.experience_years,
        d1_0.gender,
        d1_0.name,
        d1_0.profile_image_url,
        d1_0.qualification,
        d1_0.rating_count,
        d1_0.user_id,
        d1_0.verified 
    from
        doctors d1_0 
    where
        d1_0.id=?
2026-08-26 11:10:14.367 [http-nio-8082-exec-4] DEBUG org.hibernate.SQL - 
    select
        c1_0.id,
        c1_0.active,
        c1_0.address,
        c1_0.city,
        c1_0.clinic_admin_id,
        c1_0.clinic_name,
        c1_0.latitude,
        c1_0.longitude,
        c1_0.phone,
        c1_0.pincode,
        c1_0.verified 
    from
        clinics c1_0 
    where
        c1_0.id=?
2026-08-26 11:10:14.377 [http-nio-8082-exec-3] DEBUG org.hibernate.SQL - 
    select
        d1_0.id,
        d1_0.active,
        d1_0.avg_rating,
        d1_0.consultation_fee,
        d1_0.created_at,
        d1_0.dob,
        d1_0.experience_years,
        d1_0.gender,
        d1_0.name,
        d1_0.profile_image_url,
        d1_0.qualification,
        d1_0.rating_count,
        d1_0.user_id,
        d1_0.verified 
    from
        doctors d1_0 
    where
        d1_0.id=?
2026-08-26 11:10:14.384 [http-nio-8082-exec-3] DEBUG org.hibernate.SQL - 
    select
        c1_0.id,
        c1_0.active,
        c1_0.address,
        c1_0.city,
        c1_0.clinic_admin_id,
        c1_0.clinic_name,
        c1_0.latitude,
        c1_0.longitude,
        c1_0.phone,
        c1_0.pincode,
        c1_0.verified 
    from
        clinics c1_0 
    where
        c1_0.id=?
2026-08-26 11:10:14.384 [http-nio-8082-exec-5] DEBUG org.hibernate.SQL - 
    select
        u1_0.id,
        u1_0.created_at,
        u1_0.email,
        u1_0.enabled,
        u1_0.password,
        u1_0.role 
    from
        users u1_0 
    where
        u1_0.email=?
2026-08-26 11:10:14.394 [http-nio-8082-exec-5] DEBUG org.hibernate.SQL - 
    select
        d1_0.id,
        d1_0.active,
        d1_0.avg_rating,
        d1_0.consultation_fee,
        d1_0.created_at,
        d1_0.dob,
        d1_0.experience_years,
        d1_0.gender,
        d1_0.name,
        d1_0.profile_image_url,
        d1_0.qualification,
        d1_0.rating_count,
        d1_0.user_id,
        d1_0.verified 
    from
        doctors d1_0 
    where
        d1_0.user_id=?
2026-08-26 11:10:14.401 [http-nio-8082-exec-5] DEBUG org.hibernate.SQL - 
    select
        dca1_0.id,
        dca1_0.clinic_id,
        dca1_0.created_at,
        dca1_0.doctor_id,
        dca1_0.initiated_by,
        dca1_0.responded_at,
        dca1_0.status 
    from
        doctor_clinic_associations dca1_0 
    where
        dca1_0.doctor_id=?
2026-08-26 11:10:14.406 [http-nio-8082-exec-5] DEBUG org.hibernate.SQL - 
    select
        c1_0.id,
        c1_0.active,
        c1_0.address,
        c1_0.city,
        c1_0.clinic_admin_id,
        c1_0.clinic_name,
        c1_0.latitude,
        c1_0.longitude,
        c1_0.phone,
        c1_0.pincode,
        c1_0.verified 
    from
        clinics c1_0 
    where
        c1_0.id=?
2026-08-26 11:10:14.410 [http-nio-8082-exec-5] DEBUG org.hibernate.SQL - 
    select
        d1_0.id,
        d1_0.active,
        d1_0.avg_rating,
        d1_0.consultation_fee,
        d1_0.created_at,
        d1_0.dob,
        d1_0.experience_years,
        d1_0.gender,
        d1_0.name,
        d1_0.profile_image_url,
        d1_0.qualification,
        d1_0.rating_count,
        d1_0.user_id,
        d1_0.verified 
    from
        doctors d1_0 
    where
        d1_0.id=?
2026-08-26 11:10:14.411 [http-nio-8082-exec-6] DEBUG org.hibernate.SQL - 
    select
        u1_0.id,
        u1_0.created_at,
        u1_0.email,
        u1_0.enabled,
        u1_0.password,
        u1_0.role 
    from
        users u1_0 
    where
        u1_0.email=?
2026-08-26 11:10:14.412 [http-nio-8082-exec-5] DEBUG org.hibernate.SQL - 
    select
        c1_0.id,
        c1_0.active,
        c1_0.address,
        c1_0.city,
        c1_0.clinic_admin_id,
        c1_0.clinic_name,
        c1_0.latitude,
        c1_0.longitude,
        c1_0.phone,
        c1_0.pincode,
        c1_0.verified 
    from
        clinics c1_0 
    where
        c1_0.id=?
2026-08-26 11:10:14.420 [http-nio-8082-exec-6] DEBUG org.hibernate.SQL - 
    select
        d1_0.id,
        d1_0.active,
        d1_0.avg_rating,
        d1_0.consultation_fee,
        d1_0.created_at,
        d1_0.dob,
        d1_0.experience_years,
        d1_0.gender,
        d1_0.name,
        d1_0.profile_image_url,
        d1_0.qualification,
        d1_0.rating_count,
        d1_0.user_id,
        d1_0.verified 
    from
        doctors d1_0 
    where
        d1_0.user_id=?
2026-08-26 11:10:14.426 [http-nio-8082-exec-6] DEBUG org.hibernate.SQL - 
    select
        da1_0.id,
        da1_0.active,
        da1_0.clinic_id,
        da1_0.day_of_week,
        da1_0.doctor_id,
        da1_0.end_time,
        da1_0.slot_duration_minutes,
        da1_0.start_time 
    from
        doctor_availability da1_0 
    where
        da1_0.doctor_id=? 
    order by
        da1_0.day_of_week,
        da1_0.start_time
2026-08-26 11:10:14.426 [http-nio-8082-exec-6] DEBUG org.hibernate.SQL - 
    select
        d1_0.id,
        d1_0.active,
        d1_0.avg_rating,
        d1_0.consultation_fee,
        d1_0.created_at,
        d1_0.dob,
        d1_0.experience_years,
        d1_0.gender,
        d1_0.name,
        d1_0.profile_image_url,
        d1_0.qualification,
        d1_0.rating_count,
        d1_0.user_id,
        d1_0.verified 
    from
        doctors d1_0 
    where
        d1_0.id=?
2026-08-26 11:10:14.434 [http-nio-8082-exec-6] DEBUG org.hibernate.SQL - 
    select
        c1_0.id,
        c1_0.active,
        c1_0.address,
        c1_0.city,
        c1_0.clinic_admin_id,
        c1_0.clinic_name,
        c1_0.latitude,
        c1_0.longitude,
        c1_0.phone,
        c1_0.pincode,
        c1_0.verified 
    from
        clinics c1_0 
    where
        c1_0.id=?
2026-08-26 11:10:16.750 [http-nio-8082-exec-10] DEBUG org.hibernate.SQL - 
    select
        u1_0.id,
        u1_0.created_at,
        u1_0.email,
        u1_0.enabled,
        u1_0.password,
        u1_0.role 
    from
        users u1_0 
    where
        u1_0.email=?
2026-08-26 11:10:16.750 [http-nio-8082-exec-2] DEBUG org.hibernate.SQL - 
    select
        u1_0.id,
        u1_0.created_at,
        u1_0.email,
        u1_0.enabled,
        u1_0.password,
        u1_0.role 
    from
        users u1_0 
    where
        u1_0.email=?
2026-08-26 11:10:16.760 [http-nio-8082-exec-10] DEBUG org.hibernate.SQL - 
    select
        d1_0.id,
        d1_0.active,
        d1_0.avg_rating,
        d1_0.consultation_fee,
        d1_0.created_at,
        d1_0.dob,
        d1_0.experience_years,
        d1_0.gender,
        d1_0.name,
        d1_0.profile_image_url,
        d1_0.qualification,
        d1_0.rating_count,
        d1_0.user_id,
        d1_0.verified 
    from
        doctors d1_0 
    where
        d1_0.user_id=?
2026-08-26 11:10:16.760 [http-nio-8082-exec-2] DEBUG org.hibernate.SQL - 
    select
        d1_0.id,
        d1_0.active,
        d1_0.avg_rating,
        d1_0.consultation_fee,
        d1_0.created_at,
        d1_0.dob,
        d1_0.experience_years,
        d1_0.gender,
        d1_0.name,
        d1_0.profile_image_url,
        d1_0.qualification,
        d1_0.rating_count,
        d1_0.user_id,
        d1_0.verified 
    from
        doctors d1_0 
    where
        d1_0.user_id=?
2026-08-26 11:10:16.760 [http-nio-8082-exec-10] DEBUG org.hibernate.SQL - 
    select
        a1_0.id,
        a1_0.appointment_date,
        a1_0.clinic_id,
        a1_0.consultation_fee,
        a1_0.created_at,
        a1_0.doctor_id,
        a1_0.end_time,
        a1_0.patient_id,
        a1_0.payment_status,
        a1_0.slot_id,
        a1_0.start_time,
        a1_0.status 
    from
        appointments a1_0 
    where
        a1_0.doctor_id=? 
    order by
        a1_0.appointment_date desc,
        a1_0.start_time desc
2026-08-26 11:10:16.760 [http-nio-8082-exec-2] DEBUG org.hibernate.SQL - 
    select
        d1_0.id,
        d1_0.active,
        d1_0.avg_rating,
        d1_0.consultation_fee,
        d1_0.created_at,
        d1_0.dob,
        d1_0.experience_years,
        d1_0.gender,
        d1_0.name,
        d1_0.profile_image_url,
        d1_0.qualification,
        d1_0.rating_count,
        d1_0.user_id,
        d1_0.verified 
    from
        doctors d1_0 
    where
        d1_0.id=?
2026-08-26 11:10:16.760 [http-nio-8082-exec-10] DEBUG org.hibernate.SQL - 
    select
        p1_0.id,
        p1_0.dob,
        p1_0.gender,
        p1_0.last_known_lat,
        p1_0.last_known_lng,
        p1_0.name,
        p1_0.phone,
        p1_0.user_id 
    from
        patients p1_0 
    where
        p1_0.id=?
2026-08-26 11:10:16.776 [http-nio-8082-exec-10] DEBUG org.hibernate.SQL - 
    select
        c1_0.id,
        c1_0.active,
        c1_0.address,
        c1_0.city,
        c1_0.clinic_admin_id,
        c1_0.clinic_name,
        c1_0.latitude,
        c1_0.longitude,
        c1_0.phone,
        c1_0.pincode,
        c1_0.verified 
    from
        clinics c1_0 
    where
        c1_0.id=?
2026-08-26 11:10:16.776 [http-nio-8082-exec-2] DEBUG org.hibernate.SQL - 
    select
        dca1_0.id,
        dca1_0.clinic_id,
        dca1_0.created_at,
        dca1_0.doctor_id,
        dca1_0.initiated_by,
        dca1_0.responded_at,
        dca1_0.status 
    from
        doctor_clinic_associations dca1_0 
    where
        dca1_0.doctor_id=? 
        and dca1_0.status=?
2026-08-26 11:10:16.776 [http-nio-8082-exec-2] DEBUG org.hibernate.SQL - 
    select
        s1_0.doctor_id,
        s1_1.id,
        s1_1.name 
    from
        doctor_specializations s1_0 
    join
        specializations s1_1 
            on s1_1.id=s1_0.specialization_id 
    where
        s1_0.doctor_id=?
2026-08-26 11:10:16.776 [http-nio-8082-exec-10] DEBUG org.hibernate.SQL - 
    select
        p1_0.id,
        p1_0.dob,
        p1_0.gender,
        p1_0.last_known_lat,
        p1_0.last_known_lng,
        p1_0.name,
        p1_0.phone,
        p1_0.user_id 
    from
        patients p1_0 
    where
        p1_0.id=?
2026-08-26 11:10:16.782 [http-nio-8082-exec-2] DEBUG org.hibernate.SQL - 
    select
        c1_0.id,
        c1_0.active,
        c1_0.address,
        c1_0.city,
        c1_0.clinic_admin_id,
        c1_0.clinic_name,
        c1_0.latitude,
        c1_0.longitude,
        c1_0.phone,
        c1_0.pincode,
        c1_0.verified 
    from
        clinics c1_0 
    where
        c1_0.id=?
2026-08-26 11:10:16.782 [http-nio-8082-exec-2] DEBUG org.hibernate.SQL - 
    select
        c1_0.id,
        c1_0.active,
        c1_0.address,
        c1_0.city,
        c1_0.clinic_admin_id,
        c1_0.clinic_name,
        c1_0.latitude,
        c1_0.longitude,
        c1_0.phone,
        c1_0.pincode,
        c1_0.verified 
    from
        clinics c1_0 
    where
        c1_0.id=?
2026-08-26 11:10:16.793 [http-nio-8082-exec-9] DEBUG org.hibernate.SQL - 
    select
        u1_0.id,
        u1_0.created_at,
        u1_0.email,
        u1_0.enabled,
        u1_0.password,
        u1_0.role 
    from
        users u1_0 
    where
        u1_0.email=?
2026-08-26 11:10:16.799 [http-nio-8082-exec-1] DEBUG org.hibernate.SQL - 
    select
        u1_0.id,
        u1_0.created_at,
        u1_0.email,
        u1_0.enabled,
        u1_0.password,
        u1_0.role 
    from
        users u1_0 
    where
        u1_0.email=?
2026-08-26 11:10:16.799 [http-nio-8082-exec-9] DEBUG org.hibernate.SQL - 
    select
        d1_0.id,
        d1_0.active,
        d1_0.avg_rating,
        d1_0.consultation_fee,
        d1_0.created_at,
        d1_0.dob,
        d1_0.experience_years,
        d1_0.gender,
        d1_0.name,
        d1_0.profile_image_url,
        d1_0.qualification,
        d1_0.rating_count,
        d1_0.user_id,
        d1_0.verified 
    from
        doctors d1_0 
    where
        d1_0.user_id=?
2026-08-26 11:10:16.807 [http-nio-8082-exec-1] DEBUG org.hibernate.SQL - 
    select
        d1_0.id,
        d1_0.active,
        d1_0.avg_rating,
        d1_0.consultation_fee,
        d1_0.created_at,
        d1_0.dob,
        d1_0.experience_years,
        d1_0.gender,
        d1_0.name,
        d1_0.profile_image_url,
        d1_0.qualification,
        d1_0.rating_count,
        d1_0.user_id,
        d1_0.verified 
    from
        doctors d1_0 
    where
        d1_0.user_id=?
2026-08-26 11:10:16.807 [http-nio-8082-exec-9] DEBUG org.hibernate.SQL - 
    select
        a1_0.id,
        a1_0.appointment_date,
        a1_0.clinic_id,
        a1_0.consultation_fee,
        a1_0.created_at,
        a1_0.doctor_id,
        a1_0.end_time,
        a1_0.patient_id,
        a1_0.payment_status,
        a1_0.slot_id,
        a1_0.start_time,
        a1_0.status 
    from
        appointments a1_0 
    where
        a1_0.doctor_id=? 
    order by
        a1_0.appointment_date desc,
        a1_0.start_time desc
2026-08-26 11:10:16.807 [http-nio-8082-exec-1] DEBUG org.hibernate.SQL - 
    select
        d1_0.id,
        d1_0.active,
        d1_0.avg_rating,
        d1_0.consultation_fee,
        d1_0.created_at,
        d1_0.dob,
        d1_0.experience_years,
        d1_0.gender,
        d1_0.name,
        d1_0.profile_image_url,
        d1_0.qualification,
        d1_0.rating_count,
        d1_0.user_id,
        d1_0.verified 
    from
        doctors d1_0 
    where
        d1_0.id=?
2026-08-26 11:10:16.807 [http-nio-8082-exec-9] DEBUG org.hibernate.SQL - 
    select
        p1_0.id,
        p1_0.dob,
        p1_0.gender,
        p1_0.last_known_lat,
        p1_0.last_known_lng,
        p1_0.name,
        p1_0.phone,
        p1_0.user_id 
    from
        patients p1_0 
    where
        p1_0.id=?
2026-08-26 11:10:16.815 [http-nio-8082-exec-9] DEBUG org.hibernate.SQL - 
    select
        c1_0.id,
        c1_0.active,
        c1_0.address,
        c1_0.city,
        c1_0.clinic_admin_id,
        c1_0.clinic_name,
        c1_0.latitude,
        c1_0.longitude,
        c1_0.phone,
        c1_0.pincode,
        c1_0.verified 
    from
        clinics c1_0 
    where
        c1_0.id=?
2026-08-26 11:10:16.815 [http-nio-8082-exec-9] DEBUG org.hibernate.SQL - 
    select
        p1_0.id,
        p1_0.dob,
        p1_0.gender,
        p1_0.last_known_lat,
        p1_0.last_known_lng,
        p1_0.name,
        p1_0.phone,
        p1_0.user_id 
    from
        patients p1_0 
    where
        p1_0.id=?
2026-08-26 11:10:16.815 [http-nio-8082-exec-1] DEBUG org.hibernate.SQL - 
    select
        dca1_0.id,
        dca1_0.clinic_id,
        dca1_0.created_at,
        dca1_0.doctor_id,
        dca1_0.initiated_by,
        dca1_0.responded_at,
        dca1_0.status 
    from
        doctor_clinic_associations dca1_0 
    where
        dca1_0.doctor_id=? 
        and dca1_0.status=?
2026-08-26 11:10:16.815 [http-nio-8082-exec-1] DEBUG org.hibernate.SQL - 
    select
        s1_0.doctor_id,
        s1_1.id,
        s1_1.name 
    from
        doctor_specializations s1_0 
    join
        specializations s1_1 
            on s1_1.id=s1_0.specialization_id 
    where
        s1_0.doctor_id=?
2026-08-26 11:10:16.815 [http-nio-8082-exec-1] DEBUG org.hibernate.SQL - 
    select
        c1_0.id,
        c1_0.active,
        c1_0.address,
        c1_0.city,
        c1_0.clinic_admin_id,
        c1_0.clinic_name,
        c1_0.latitude,
        c1_0.longitude,
        c1_0.phone,
        c1_0.pincode,
        c1_0.verified 
    from
        clinics c1_0 
    where
        c1_0.id=?
2026-08-26 11:10:16.829 [http-nio-8082-exec-1] DEBUG org.hibernate.SQL - 
    select
        c1_0.id,
        c1_0.active,
        c1_0.address,
        c1_0.city,
        c1_0.clinic_admin_id,
        c1_0.clinic_name,
        c1_0.latitude,
        c1_0.longitude,
        c1_0.phone,
        c1_0.pincode,
        c1_0.verified 
    from
        clinics c1_0 
    where
        c1_0.id=?
2026-08-26 11:11:00.291 [http-nio-8082-exec-1] DEBUG org.hibernate.SQL - 
    select
        u1_0.id,
        u1_0.created_at,
        u1_0.email,
        u1_0.enabled,
        u1_0.password,
        u1_0.role 
    from
        users u1_0 
    where
        u1_0.email=?
2026-08-26 11:11:00.557 [http-nio-8082-exec-1] WARN  c.d.exception.GlobalExceptionHandler - 401 on POST /api/auth/login: bad credentials
2026-08-26 11:11:00.557 [http-nio-8082-exec-1] WARN  o.s.w.s.m.m.a.ExceptionHandlerExceptionResolver - Resolved [org.springframework.security.authentication.BadCredentialsException: Bad credentials]
2026-08-26 11:12:12.399 [http-nio-8082-exec-1] DEBUG org.hibernate.SQL - 
    select
        u1_0.id,
        u1_0.created_at,
        u1_0.email,
        u1_0.enabled,
        u1_0.password,
        u1_0.role 
    from
        users u1_0 
    where
        u1_0.email=?
2026-08-26 11:12:13.016 [http-nio-8082-exec-1] WARN  c.d.exception.GlobalExceptionHandler - 401 on POST /api/auth/login: bad credentials
2026-08-26 11:12:13.018 [http-nio-8082-exec-1] WARN  o.s.w.s.m.m.a.ExceptionHandlerExceptionResolver - Resolved [org.springframework.security.authentication.BadCredentialsException: Bad credentials]
2026-08-26 11:12:17.830 [http-nio-8082-exec-3] DEBUG org.hibernate.SQL - 
    select
        u1_0.id,
        u1_0.created_at,
        u1_0.email,
        u1_0.enabled,
        u1_0.password,
        u1_0.role 
    from
        users u1_0 
    where
        u1_0.email=?
2026-08-26 11:12:17.941 [http-nio-8082-exec-3] DEBUG org.hibernate.SQL - 
    select
        u1_0.id,
        u1_0.created_at,
        u1_0.email,
        u1_0.enabled,
        u1_0.password,
        u1_0.role 
    from
        users u1_0 
    where
        u1_0.email=?
2026-08-26 11:12:17.945 [http-nio-8082-exec-3] DEBUG org.hibernate.SQL - 
    select
        p1_0.id,
        p1_0.dob,
        p1_0.gender,
        p1_0.last_known_lat,
        p1_0.last_known_lng,
        p1_0.name,
        p1_0.phone,
        p1_0.user_id 
    from
        patients p1_0 
    where
        p1_0.user_id=?
2026-08-26 11:12:22.430 [http-nio-8082-exec-6] DEBUG org.hibernate.SQL - 
    select
        u1_0.id,
        u1_0.created_at,
        u1_0.email,
        u1_0.enabled,
        u1_0.password,
        u1_0.role 
    from
        users u1_0 
    where
        u1_0.email=?
2026-08-26 11:12:22.439 [http-nio-8082-exec-6] DEBUG org.hibernate.SQL - 
    SELECT
        d.id AS doctor_id,
        d.name AS doctor_name,
        d.qualification AS qualification,
        d.experience_years AS experience_years,
        d.consultation_fee AS consultation_fee,
        d.profile_image_url AS profile_image_url,
        d.avg_rating AS avg_rating,
        d.rating_count AS rating_count,
        c.id AS clinic_id,
        c.clinic_name AS clinic_name,
        c.address AS address,
        c.latitude AS latitude,
        c.longitude AS longitude,
        (6371 * ACOS(         COS(RADIANS(?)) * COS(RADIANS(c.latitude)) *         COS(RADIANS(c.longitude) - RADIANS(?)) +         SIN(RADIANS(?)) * SIN(RADIANS(c.latitude))     )) AS distance_km 
    FROM
        doctor_clinic_associations dca 
    JOIN
        doctors d 
            ON d.id = dca.doctor_id 
    JOIN
        clinics c 
            ON c.id = dca.clinic_id 
    WHERE
        dca.status = 'APPROVED'   
        AND d.verified = true 
        AND d.active = true   
        AND c.verified = true 
        AND c.active = true   
        AND c.latitude BETWEEN ? AND ?   
        AND c.longitude BETWEEN ? AND ? 
    HAVING
        distance_km <= ? 
    ORDER BY
        distance_km ASC 
2026-08-26 11:12:29.079 [http-nio-8082-exec-9] DEBUG org.hibernate.SQL - 
    select
        u1_0.id,
        u1_0.created_at,
        u1_0.email,
        u1_0.enabled,
        u1_0.password,
        u1_0.role 
    from
        users u1_0 
    where
        u1_0.email=?
2026-08-26 11:12:29.079 [http-nio-8082-exec-1] DEBUG org.hibernate.SQL - 
    select
        u1_0.id,
        u1_0.created_at,
        u1_0.email,
        u1_0.enabled,
        u1_0.password,
        u1_0.role 
    from
        users u1_0 
    where
        u1_0.email=?
2026-08-26 11:12:29.087 [http-nio-8082-exec-9] DEBUG org.hibernate.SQL - 
    select
        d1_0.id,
        d1_0.active,
        d1_0.avg_rating,
        d1_0.consultation_fee,
        d1_0.created_at,
        d1_0.dob,
        d1_0.experience_years,
        d1_0.gender,
        d1_0.name,
        d1_0.profile_image_url,
        d1_0.qualification,
        d1_0.rating_count,
        d1_0.user_id,
        d1_0.verified 
    from
        doctors d1_0 
    where
        d1_0.id=?
2026-08-26 11:12:29.090 [http-nio-8082-exec-1] DEBUG org.hibernate.SQL - 
    select
        d1_0.id,
        d1_0.active,
        d1_0.avg_rating,
        d1_0.consultation_fee,
        d1_0.created_at,
        d1_0.dob,
        d1_0.experience_years,
        d1_0.gender,
        d1_0.name,
        d1_0.profile_image_url,
        d1_0.qualification,
        d1_0.rating_count,
        d1_0.user_id,
        d1_0.verified 
    from
        doctors d1_0 
    where
        d1_0.id=?
2026-08-26 11:12:29.092 [http-nio-8082-exec-9] DEBUG org.hibernate.SQL - 
    select
        dca1_0.id,
        dca1_0.clinic_id,
        dca1_0.created_at,
        dca1_0.doctor_id,
        dca1_0.initiated_by,
        dca1_0.responded_at,
        dca1_0.status 
    from
        doctor_clinic_associations dca1_0 
    where
        dca1_0.doctor_id=? 
        and dca1_0.status=?
2026-08-26 11:12:29.095 [http-nio-8082-exec-9] DEBUG org.hibernate.SQL - 
    select
        s1_0.doctor_id,
        s1_1.id,
        s1_1.name 
    from
        doctor_specializations s1_0 
    join
        specializations s1_1 
            on s1_1.id=s1_0.specialization_id 
    where
        s1_0.doctor_id=?
2026-08-26 11:12:29.098 [http-nio-8082-exec-9] DEBUG org.hibernate.SQL - 
    select
        c1_0.id,
        c1_0.active,
        c1_0.address,
        c1_0.city,
        c1_0.clinic_admin_id,
        c1_0.clinic_name,
        c1_0.latitude,
        c1_0.longitude,
        c1_0.phone,
        c1_0.pincode,
        c1_0.verified 
    from
        clinics c1_0 
    where
        c1_0.id=?
2026-08-26 11:12:29.101 [http-nio-8082-exec-9] DEBUG org.hibernate.SQL - 
    select
        c1_0.id,
        c1_0.active,
        c1_0.address,
        c1_0.city,
        c1_0.clinic_admin_id,
        c1_0.clinic_name,
        c1_0.latitude,
        c1_0.longitude,
        c1_0.phone,
        c1_0.pincode,
        c1_0.verified 
    from
        clinics c1_0 
    where
        c1_0.id=?
2026-08-26 11:12:29.127 [http-nio-8082-exec-1] DEBUG org.hibernate.SQL - 
    select
        coalesce(avg(r1_0.rating), 0) 
    from
        ratings r1_0 
    where
        r1_0.doctor_id=? 
        and r1_0.status='VISIBLE'
2026-08-26 11:12:29.136 [http-nio-8082-exec-4] DEBUG org.hibernate.SQL - 
    select
        u1_0.id,
        u1_0.created_at,
        u1_0.email,
        u1_0.enabled,
        u1_0.password,
        u1_0.role 
    from
        users u1_0 
    where
        u1_0.email=?
2026-08-26 11:12:29.136 [http-nio-8082-exec-1] DEBUG org.hibernate.SQL - 
    select
        count(r1_0.id) 
    from
        ratings r1_0 
    where
        r1_0.doctor_id=? 
        and r1_0.status='VISIBLE'
2026-08-26 11:12:29.142 [http-nio-8082-exec-4] DEBUG org.hibernate.SQL - 
    select
        d1_0.id,
        d1_0.active,
        d1_0.avg_rating,
        d1_0.consultation_fee,
        d1_0.created_at,
        d1_0.dob,
        d1_0.experience_years,
        d1_0.gender,
        d1_0.name,
        d1_0.profile_image_url,
        d1_0.qualification,
        d1_0.rating_count,
        d1_0.user_id,
        d1_0.verified 
    from
        doctors d1_0 
    where
        d1_0.id=?
2026-08-26 11:12:29.143 [http-nio-8082-exec-1] DEBUG org.hibernate.SQL - 
    select
        r1_0.rating,
        count(r1_0.id) 
    from
        ratings r1_0 
    where
        r1_0.doctor_id=? 
        and r1_0.status='VISIBLE' 
    group by
        r1_0.rating
2026-08-26 11:12:29.147 [http-nio-8082-exec-4] DEBUG org.hibernate.SQL - 
    select
        dca1_0.id,
        dca1_0.clinic_id,
        dca1_0.created_at,
        dca1_0.doctor_id,
        dca1_0.initiated_by,
        dca1_0.responded_at,
        dca1_0.status 
    from
        doctor_clinic_associations dca1_0 
    where
        dca1_0.doctor_id=? 
        and dca1_0.status=?
2026-08-26 11:12:29.152 [http-nio-8082-exec-4] DEBUG org.hibernate.SQL - 
    select
        s1_0.doctor_id,
        s1_1.id,
        s1_1.name 
    from
        doctor_specializations s1_0 
    join
        specializations s1_1 
            on s1_1.id=s1_0.specialization_id 
    where
        s1_0.doctor_id=?
2026-08-26 11:12:29.156 [http-nio-8082-exec-4] DEBUG org.hibernate.SQL - 
    select
        c1_0.id,
        c1_0.active,
        c1_0.address,
        c1_0.city,
        c1_0.clinic_admin_id,
        c1_0.clinic_name,
        c1_0.latitude,
        c1_0.longitude,
        c1_0.phone,
        c1_0.pincode,
        c1_0.verified 
    from
        clinics c1_0 
    where
        c1_0.id=?
2026-08-26 11:12:29.159 [http-nio-8082-exec-1] DEBUG org.hibernate.SQL - 
    select
        r1_0.id,
        r1_0.appointment_id,
        r1_0.created_at,
        r1_0.doctor_id,
        r1_0.patient_id,
        r1_0.rating,
        r1_0.review_text,
        r1_0.status,
        r1_0.updated_at 
    from
        ratings r1_0 
    where
        r1_0.doctor_id=? 
        and r1_0.status=? 
    order by
        r1_0.created_at desc,
        r1_0.created_at desc 
    limit
        ?
2026-08-26 11:12:29.160 [http-nio-8082-exec-4] DEBUG org.hibernate.SQL - 
    select
        c1_0.id,
        c1_0.active,
        c1_0.address,
        c1_0.city,
        c1_0.clinic_admin_id,
        c1_0.clinic_name,
        c1_0.latitude,
        c1_0.longitude,
        c1_0.phone,
        c1_0.pincode,
        c1_0.verified 
    from
        clinics c1_0 
    where
        c1_0.id=?
2026-08-26 11:12:29.188 [http-nio-8082-exec-1] DEBUG org.hibernate.SQL - 
    select
        p1_0.id,
        p1_0.dob,
        p1_0.gender,
        p1_0.last_known_lat,
        p1_0.last_known_lng,
        p1_0.name,
        p1_0.phone,
        p1_0.user_id 
    from
        patients p1_0 
    where
        p1_0.id=?
2026-08-26 11:12:29.210 [http-nio-8082-exec-5] DEBUG org.hibernate.SQL - 
    select
        u1_0.id,
        u1_0.created_at,
        u1_0.email,
        u1_0.enabled,
        u1_0.password,
        u1_0.role 
    from
        users u1_0 
    where
        u1_0.email=?
2026-08-26 11:12:29.253 [http-nio-8082-exec-5] DEBUG org.hibernate.SQL - 
    select
        as1_0.id,
        as1_0.clinic_id,
        as1_0.slot_date,
        as1_0.doctor_id,
        as1_0.end_time,
        as1_0.start_time,
        as1_0.status,
        as1_0.version 
    from
        appointment_slots as1_0 
    where
        as1_0.doctor_id=? 
        and as1_0.clinic_id=? 
        and as1_0.slot_date=? 
    order by
        as1_0.start_time
2026-08-26 11:12:29.253 [http-nio-8082-exec-6] DEBUG org.hibernate.SQL - 
    select
        u1_0.id,
        u1_0.created_at,
        u1_0.email,
        u1_0.enabled,
        u1_0.password,
        u1_0.role 
    from
        users u1_0 
    where
        u1_0.email=?
2026-08-26 11:12:29.263 [http-nio-8082-exec-6] DEBUG org.hibernate.SQL - 
    select
        d1_0.id,
        d1_0.active,
        d1_0.avg_rating,
        d1_0.consultation_fee,
        d1_0.created_at,
        d1_0.dob,
        d1_0.experience_years,
        d1_0.gender,
        d1_0.name,
        d1_0.profile_image_url,
        d1_0.qualification,
        d1_0.rating_count,
        d1_0.user_id,
        d1_0.verified 
    from
        doctors d1_0 
    where
        d1_0.id=?
2026-08-26 11:12:29.273 [http-nio-8082-exec-6] DEBUG org.hibernate.SQL - 
    select
        coalesce(avg(r1_0.rating), 0) 
    from
        ratings r1_0 
    where
        r1_0.doctor_id=? 
        and r1_0.status='VISIBLE'
2026-08-26 11:12:29.276 [http-nio-8082-exec-5] DEBUG org.hibernate.SQL - 
    select
        d1_0.id,
        d1_0.active,
        d1_0.avg_rating,
        d1_0.consultation_fee,
        d1_0.created_at,
        d1_0.dob,
        d1_0.experience_years,
        d1_0.gender,
        d1_0.name,
        d1_0.profile_image_url,
        d1_0.qualification,
        d1_0.rating_count,
        d1_0.user_id,
        d1_0.verified 
    from
        doctors d1_0 
    where
        d1_0.id=?
2026-08-26 11:12:29.279 [http-nio-8082-exec-6] DEBUG org.hibernate.SQL - 
    select
        count(r1_0.id) 
    from
        ratings r1_0 
    where
        r1_0.doctor_id=? 
        and r1_0.status='VISIBLE'
2026-08-26 11:12:29.286 [http-nio-8082-exec-5] DEBUG org.hibernate.SQL - 
    select
        c1_0.id,
        c1_0.active,
        c1_0.address,
        c1_0.city,
        c1_0.clinic_admin_id,
        c1_0.clinic_name,
        c1_0.latitude,
        c1_0.longitude,
        c1_0.phone,
        c1_0.pincode,
        c1_0.verified 
    from
        clinics c1_0 
    where
        c1_0.id=?
2026-08-26 11:12:29.287 [http-nio-8082-exec-6] DEBUG org.hibernate.SQL - 
    select
        r1_0.rating,
        count(r1_0.id) 
    from
        ratings r1_0 
    where
        r1_0.doctor_id=? 
        and r1_0.status='VISIBLE' 
    group by
        r1_0.rating
2026-08-26 11:12:29.302 [http-nio-8082-exec-6] DEBUG org.hibernate.SQL - 
    select
        r1_0.id,
        r1_0.appointment_id,
        r1_0.created_at,
        r1_0.doctor_id,
        r1_0.patient_id,
        r1_0.rating,
        r1_0.review_text,
        r1_0.status,
        r1_0.updated_at 
    from
        ratings r1_0 
    where
        r1_0.doctor_id=? 
        and r1_0.status=? 
    order by
        r1_0.created_at desc,
        r1_0.created_at desc 
    limit
        ?
2026-08-26 11:12:29.310 [http-nio-8082-exec-6] DEBUG org.hibernate.SQL - 
    select
        p1_0.id,
        p1_0.dob,
        p1_0.gender,
        p1_0.last_known_lat,
        p1_0.last_known_lng,
        p1_0.name,
        p1_0.phone,
        p1_0.user_id 
    from
        patients p1_0 
    where
        p1_0.id=?
2026-08-26 11:12:29.340 [http-nio-8082-exec-5] DEBUG org.hibernate.SQL - 
    select
        da1_0.id,
        da1_0.active,
        da1_0.clinic_id,
        da1_0.day_of_week,
        da1_0.doctor_id,
        da1_0.end_time,
        da1_0.slot_duration_minutes,
        da1_0.start_time 
    from
        doctor_availability da1_0 
    where
        da1_0.doctor_id=? 
        and da1_0.clinic_id=? 
        and da1_0.day_of_week=? 
        and da1_0.active
2026-08-26 11:12:29.415 [http-nio-8082-exec-5] DEBUG org.hibernate.SQL - 
    insert 
    into
        appointment_slots
        (clinic_id, slot_date, doctor_id, end_time, start_time, status, version) 
    values
        (?, ?, ?, ?, ?, ?, ?)
2026-08-26 11:12:29.452 [http-nio-8082-exec-5] DEBUG org.hibernate.SQL - 
    insert 
    into
        appointment_slots
        (clinic_id, slot_date, doctor_id, end_time, start_time, status, version) 
    values
        (?, ?, ?, ?, ?, ?, ?)
2026-08-26 11:12:29.456 [http-nio-8082-exec-5] DEBUG org.hibernate.SQL - 
    insert 
    into
        appointment_slots
        (clinic_id, slot_date, doctor_id, end_time, start_time, status, version) 
    values
        (?, ?, ?, ?, ?, ?, ?)
2026-08-26 11:12:29.461 [http-nio-8082-exec-5] DEBUG org.hibernate.SQL - 
    insert 
    into
        appointment_slots
        (clinic_id, slot_date, doctor_id, end_time, start_time, status, version) 
    values
        (?, ?, ?, ?, ?, ?, ?)
2026-08-26 11:12:29.466 [http-nio-8082-exec-5] DEBUG org.hibernate.SQL - 
    insert 
    into
        appointment_slots
        (clinic_id, slot_date, doctor_id, end_time, start_time, status, version) 
    values
        (?, ?, ?, ?, ?, ?, ?)
2026-08-26 11:12:29.474 [http-nio-8082-exec-5] DEBUG org.hibernate.SQL - 
    insert 
    into
        appointment_slots
        (clinic_id, slot_date, doctor_id, end_time, start_time, status, version) 
    values
        (?, ?, ?, ?, ?, ?, ?)
2026-08-26 11:12:29.480 [http-nio-8082-exec-5] DEBUG org.hibernate.SQL - 
    insert 
    into
        appointment_slots
        (clinic_id, slot_date, doctor_id, end_time, start_time, status, version) 
    values
        (?, ?, ?, ?, ?, ?, ?)
2026-08-26 11:12:29.488 [http-nio-8082-exec-5] DEBUG org.hibernate.SQL - 
    insert 
    into
        appointment_slots
        (clinic_id, slot_date, doctor_id, end_time, start_time, status, version) 
    values
        (?, ?, ?, ?, ?, ?, ?)
2026-08-26 11:12:29.492 [http-nio-8082-exec-5] DEBUG org.hibernate.SQL - 
    insert 
    into
        appointment_slots
        (clinic_id, slot_date, doctor_id, end_time, start_time, status, version) 
    values
        (?, ?, ?, ?, ?, ?, ?)
2026-08-26 11:12:29.496 [http-nio-8082-exec-5] DEBUG org.hibernate.SQL - 
    insert 
    into
        appointment_slots
        (clinic_id, slot_date, doctor_id, end_time, start_time, status, version) 
    values
        (?, ?, ?, ?, ?, ?, ?)
2026-08-26 11:12:29.501 [http-nio-8082-exec-5] DEBUG org.hibernate.SQL - 
    insert 
    into
        appointment_slots
        (clinic_id, slot_date, doctor_id, end_time, start_time, status, version) 
    values
        (?, ?, ?, ?, ?, ?, ?)
2026-08-26 11:12:29.506 [http-nio-8082-exec-5] DEBUG org.hibernate.SQL - 
    insert 
    into
        appointment_slots
        (clinic_id, slot_date, doctor_id, end_time, start_time, status, version) 
    values
        (?, ?, ?, ?, ?, ?, ?)
2026-08-26 11:12:29.510 [http-nio-8082-exec-5] DEBUG org.hibernate.SQL - 
    insert 
    into
        appointment_slots
        (clinic_id, slot_date, doctor_id, end_time, start_time, status, version) 
    values
        (?, ?, ?, ?, ?, ?, ?)
2026-08-26 11:12:29.514 [http-nio-8082-exec-5] DEBUG org.hibernate.SQL - 
    insert 
    into
        appointment_slots
        (clinic_id, slot_date, doctor_id, end_time, start_time, status, version) 
    values
        (?, ?, ?, ?, ?, ?, ?)
2026-08-26 11:12:29.522 [http-nio-8082-exec-5] DEBUG org.hibernate.SQL - 
    insert 
    into
        appointment_slots
        (clinic_id, slot_date, doctor_id, end_time, start_time, status, version) 
    values
        (?, ?, ?, ?, ?, ?, ?)
2026-08-26 11:12:29.531 [http-nio-8082-exec-5] DEBUG org.hibernate.SQL - 
    insert 
    into
        appointment_slots
        (clinic_id, slot_date, doctor_id, end_time, start_time, status, version) 
    values
        (?, ?, ?, ?, ?, ?, ?)
2026-08-26 11:12:44.504 [http-nio-8082-exec-8] DEBUG org.hibernate.SQL - 
    select
        u1_0.id,
        u1_0.created_at,
        u1_0.email,
        u1_0.enabled,
        u1_0.password,
        u1_0.role 
    from
        users u1_0 
    where
        u1_0.email=?
2026-08-26 11:12:44.520 [http-nio-8082-exec-8] DEBUG org.hibernate.SQL - 
    select
        p1_0.id,
        p1_0.dob,
        p1_0.gender,
        p1_0.last_known_lat,
        p1_0.last_known_lng,
        p1_0.name,
        p1_0.phone,
        p1_0.user_id 
    from
        patients p1_0 
    where
        p1_0.user_id=?
2026-08-26 11:12:44.543 [http-nio-8082-exec-8] DEBUG org.hibernate.SQL - 
    select
        as1_0.id,
        as1_0.clinic_id,
        as1_0.slot_date,
        as1_0.doctor_id,
        as1_0.end_time,
        as1_0.start_time,
        as1_0.status,
        as1_0.version 
    from
        appointment_slots as1_0 
    where
        as1_0.id=? for update
2026-08-26 11:12:44.543 [http-nio-8082-exec-8] DEBUG org.hibernate.SQL - 
    select
        d1_0.id,
        d1_0.active,
        d1_0.avg_rating,
        d1_0.consultation_fee,
        d1_0.created_at,
        d1_0.dob,
        d1_0.experience_years,
        d1_0.gender,
        d1_0.name,
        d1_0.profile_image_url,
        d1_0.qualification,
        d1_0.rating_count,
        d1_0.user_id,
        d1_0.verified 
    from
        doctors d1_0 
    where
        d1_0.id=?
2026-08-26 11:12:44.559 [http-nio-8082-exec-8] DEBUG org.hibernate.SQL - 
    insert 
    into
        appointments
        (appointment_date, clinic_id, consultation_fee, created_at, doctor_id, end_time, patient_id, payment_status, slot_id, start_time, status) 
    values
        (?, ?, ?, ?, ?, ?, ?, ?, ?, ?, ?)
2026-08-26 11:12:44.559 [http-nio-8082-exec-8] DEBUG org.hibernate.SQL - 
    select
        c1_0.id,
        c1_0.active,
        c1_0.address,
        c1_0.city,
        c1_0.clinic_admin_id,
        c1_0.clinic_name,
        c1_0.latitude,
        c1_0.longitude,
        c1_0.phone,
        c1_0.pincode,
        c1_0.verified 
    from
        clinics c1_0 
    where
        c1_0.id=?
2026-08-26 11:12:44.575 [http-nio-8082-exec-8] DEBUG org.hibernate.SQL - 
    update
        appointment_slots 
    set
        clinic_id=?,
        slot_date=?,
        doctor_id=?,
        end_time=?,
        start_time=?,
        status=?,
        version=? 
    where
        id=? 
        and version=?
2026-08-26 11:12:44.594 [http-nio-8082-exec-10] DEBUG org.hibernate.SQL - 
    select
        u1_0.id,
        u1_0.created_at,
        u1_0.email,
        u1_0.enabled,
        u1_0.password,
        u1_0.role 
    from
        users u1_0 
    where
        u1_0.email=?
2026-08-26 11:12:44.604 [http-nio-8082-exec-10] DEBUG org.hibernate.SQL - 
    select
        as1_0.id,
        as1_0.clinic_id,
        as1_0.slot_date,
        as1_0.doctor_id,
        as1_0.end_time,
        as1_0.start_time,
        as1_0.status,
        as1_0.version 
    from
        appointment_slots as1_0 
    where
        as1_0.doctor_id=? 
        and as1_0.clinic_id=? 
        and as1_0.slot_date=? 
    order by
        as1_0.start_time
2026-08-26 11:12:46.375 [http-nio-8082-exec-9] DEBUG org.hibernate.SQL - 
    select
        u1_0.id,
        u1_0.created_at,
        u1_0.email,
        u1_0.enabled,
        u1_0.password,
        u1_0.role 
    from
        users u1_0 
    where
        u1_0.email=?
2026-08-26 11:12:46.385 [http-nio-8082-exec-9] DEBUG org.hibernate.SQL - 
    select
        p1_0.id,
        p1_0.dob,
        p1_0.gender,
        p1_0.last_known_lat,
        p1_0.last_known_lng,
        p1_0.name,
        p1_0.phone,
        p1_0.user_id 
    from
        patients p1_0 
    where
        p1_0.user_id=?
2026-08-26 11:12:46.387 [http-nio-8082-exec-9] DEBUG org.hibernate.SQL - 
    select
        a1_0.id,
        a1_0.appointment_date,
        a1_0.clinic_id,
        a1_0.consultation_fee,
        a1_0.created_at,
        a1_0.doctor_id,
        a1_0.end_time,
        a1_0.patient_id,
        a1_0.payment_status,
        a1_0.slot_id,
        a1_0.start_time,
        a1_0.status 
    from
        appointments a1_0 
    where
        a1_0.patient_id=? 
    order by
        a1_0.appointment_date desc,
        a1_0.start_time desc
2026-08-26 11:12:46.392 [http-nio-8082-exec-9] DEBUG org.hibernate.SQL - 
    select
        d1_0.id,
        d1_0.active,
        d1_0.avg_rating,
        d1_0.consultation_fee,
        d1_0.created_at,
        d1_0.dob,
        d1_0.experience_years,
        d1_0.gender,
        d1_0.name,
        d1_0.profile_image_url,
        d1_0.qualification,
        d1_0.rating_count,
        d1_0.user_id,
        d1_0.verified 
    from
        doctors d1_0 
    where
        d1_0.id=?
2026-08-26 11:12:46.395 [http-nio-8082-exec-9] DEBUG org.hibernate.SQL - 
    select
        c1_0.id,
        c1_0.active,
        c1_0.address,
        c1_0.city,
        c1_0.clinic_admin_id,
        c1_0.clinic_name,
        c1_0.latitude,
        c1_0.longitude,
        c1_0.phone,
        c1_0.pincode,
        c1_0.verified 
    from
        clinics c1_0 
    where
        c1_0.id=?
2026-08-26 11:12:46.398 [http-nio-8082-exec-9] DEBUG org.hibernate.SQL - 
    select
        r1_0.id 
    from
        ratings r1_0 
    where
        r1_0.appointment_id=? 
    limit
        ?
2026-08-26 11:12:46.402 [http-nio-8082-exec-4] DEBUG org.hibernate.SQL - 
    select
        u1_0.id,
        u1_0.created_at,
        u1_0.email,
        u1_0.enabled,
        u1_0.password,
        u1_0.role 
    from
        users u1_0 
    where
        u1_0.email=?
2026-08-26 11:12:46.409 [http-nio-8082-exec-4] DEBUG org.hibernate.SQL - 
    select
        p1_0.id,
        p1_0.dob,
        p1_0.gender,
        p1_0.last_known_lat,
        p1_0.last_known_lng,
        p1_0.name,
        p1_0.phone,
        p1_0.user_id 
    from
        patients p1_0 
    where
        p1_0.user_id=?
2026-08-26 11:12:46.409 [http-nio-8082-exec-4] DEBUG org.hibernate.SQL - 
    select
        a1_0.id,
        a1_0.appointment_date,
        a1_0.clinic_id,
        a1_0.consultation_fee,
        a1_0.created_at,
        a1_0.doctor_id,
        a1_0.end_time,
        a1_0.patient_id,
        a1_0.payment_status,
        a1_0.slot_id,
        a1_0.start_time,
        a1_0.status 
    from
        appointments a1_0 
    where
        a1_0.patient_id=? 
    order by
        a1_0.appointment_date desc,
        a1_0.start_time desc
2026-08-26 11:12:46.417 [http-nio-8082-exec-4] DEBUG org.hibernate.SQL - 
    select
        d1_0.id,
        d1_0.active,
        d1_0.avg_rating,
        d1_0.consultation_fee,
        d1_0.created_at,
        d1_0.dob,
        d1_0.experience_years,
        d1_0.gender,
        d1_0.name,
        d1_0.profile_image_url,
        d1_0.qualification,
        d1_0.rating_count,
        d1_0.user_id,
        d1_0.verified 
    from
        doctors d1_0 
    where
        d1_0.id=?
2026-08-26 11:12:46.419 [http-nio-8082-exec-4] DEBUG org.hibernate.SQL - 
    select
        c1_0.id,
        c1_0.active,
        c1_0.address,
        c1_0.city,
        c1_0.clinic_admin_id,
        c1_0.clinic_name,
        c1_0.latitude,
        c1_0.longitude,
        c1_0.phone,
        c1_0.pincode,
        c1_0.verified 
    from
        clinics c1_0 
    where
        c1_0.id=?
2026-08-26 11:12:46.419 [http-nio-8082-exec-4] DEBUG org.hibernate.SQL - 
    select
        r1_0.id 
    from
        ratings r1_0 
    where
        r1_0.appointment_id=? 
    limit
        ?
2026-08-26 11:21:43.965 [File Watcher] INFO  o.s.b.d.a.LocalDevToolsAutoConfiguration$RestartingClassPathChangeChangedEventListener - Restarting due to 3 class path changes (0 additions, 0 deletions, 3 modifications)
2026-08-26 11:21:44.000 [Thread-5] INFO  o.a.coyote.http11.Http11NioProtocol - Stopping ProtocolHandler ["http-nio-8082"]
2026-08-26 11:21:44.034 [Thread-5] INFO  o.s.o.j.LocalContainerEntityManagerFactoryBean - Closing JPA EntityManagerFactory for persistence unit 'default'
2026-08-26 11:21:44.061 [Thread-5] INFO  com.zaxxer.hikari.HikariDataSource - HikariPool-1 - Shutdown initiated...
2026-08-26 11:21:44.092 [Thread-5] INFO  com.zaxxer.hikari.HikariDataSource - HikariPool-1 - Shutdown completed.
2026-08-26 11:21:44.373 [restartedMain] INFO  com.doctorapp.DoctorAppApplication - Starting DoctorAppApplication using Java 21.0.11 with PID 11980 (C:\Users\ashis\doctor appointment\doctorapp-backend\target\classes started by ashis in C:\Users\ashis\doctor appointment\doctorapp-backend)
2026-08-26 11:21:44.374 [restartedMain] DEBUG com.doctorapp.DoctorAppApplication - Running with Spring Boot v3.3.4, Spring v6.1.13
2026-08-26 11:21:44.374 [restartedMain] INFO  com.doctorapp.DoctorAppApplication - No active profile set, falling back to 1 default profile: "default"
2026-08-26 11:21:44.859 [restartedMain] INFO  o.s.d.r.c.RepositoryConfigurationDelegate - Bootstrapping Spring Data JPA repositories in DEFAULT mode.
2026-08-26 11:21:44.890 [restartedMain] INFO  o.s.d.r.c.RepositoryConfigurationDelegate - Finished Spring Data repository scanning in 30 ms. Found 11 JPA repository interfaces.
2026-08-26 11:21:45.052 [restartedMain] INFO  o.s.b.w.e.tomcat.TomcatWebServer - Tomcat initialized with port 8082 (http)
2026-08-26 11:21:45.053 [restartedMain] INFO  o.a.coyote.http11.Http11NioProtocol - Initializing ProtocolHandler ["http-nio-8082"]
2026-08-26 11:21:45.054 [restartedMain] INFO  o.a.catalina.core.StandardService - Starting service [Tomcat]
2026-08-26 11:21:45.054 [restartedMain] INFO  o.a.catalina.core.StandardEngine - Starting Servlet engine: [Apache Tomcat/10.1.30]
2026-08-26 11:21:45.076 [restartedMain] INFO  o.a.c.c.C.[Tomcat].[localhost].[/] - Initializing Spring embedded WebApplicationContext
2026-08-26 11:21:45.076 [restartedMain] INFO  o.s.b.w.s.c.ServletWebServerApplicationContext - Root WebApplicationContext: initialization completed in 697 ms
2026-08-26 11:21:45.129 [restartedMain] INFO  o.h.jpa.internal.util.LogHelper - HHH000204: Processing PersistenceUnitInfo [name: default]
2026-08-26 11:21:45.134 [restartedMain] INFO  o.h.c.i.RegionFactoryInitiator - HHH000026: Second-level cache disabled
2026-08-26 11:21:45.158 [restartedMain] INFO  o.s.o.j.p.SpringPersistenceUnitInfo - No LoadTimeWeaver setup: ignoring JPA class transformer
2026-08-26 11:21:45.160 [restartedMain] INFO  com.zaxxer.hikari.HikariDataSource - HikariPool-2 - Starting...
2026-08-26 11:21:45.172 [restartedMain] INFO  com.zaxxer.hikari.pool.HikariPool - HikariPool-2 - Added connection com.mysql.cj.jdbc.ConnectionImpl@4e3d3965
2026-08-26 11:21:45.173 [restartedMain] INFO  com.zaxxer.hikari.HikariDataSource - HikariPool-2 - Start completed.
2026-08-26 11:21:45.176 [restartedMain] WARN  org.hibernate.orm.deprecation - HHH90000025: MySQLDialect does not need to be specified explicitly using 'hibernate.dialect' (remove the property setting and it will be selected by default)
2026-08-26 11:21:45.479 [restartedMain] INFO  o.h.e.t.j.p.i.JtaPlatformInitiator - HHH000489: No JTA platform available (set 'hibernate.transaction.jta.platform' to enable JTA platform integration)
2026-08-26 11:21:45.494 [restartedMain] DEBUG org.hibernate.SQL - 
    alter table appointment_slots 
       modify column status enum ('AVAILABLE','BOOKED','CANCELLED','LOCKED') not null
2026-08-26 11:21:45.524 [restartedMain] DEBUG org.hibernate.SQL - 
    alter table appointments 
       modify column payment_status enum ('NOT_REQUIRED','PAID','PENDING','REFUNDED') not null
2026-08-26 11:21:45.549 [restartedMain] DEBUG org.hibernate.SQL - 
    alter table appointments 
       modify column status enum ('BOOKED','CANCELLED','COMPLETED','NO_SHOW') not null
2026-08-26 11:21:45.566 [restartedMain] DEBUG org.hibernate.SQL - 
    alter table doctor_availability 
       modify column day_of_week enum ('FRIDAY','MONDAY','SATURDAY','SUNDAY','THURSDAY','TUESDAY','WEDNESDAY') not null
2026-08-26 11:21:45.577 [restartedMain] DEBUG org.hibernate.SQL - 
    alter table doctor_clinic_associations 
       modify column initiated_by enum ('CLINIC','DOCTOR') not null
2026-08-26 11:21:45.586 [restartedMain] DEBUG org.hibernate.SQL - 
    alter table doctor_clinic_associations 
       modify column status enum ('APPROVED','PENDING','REJECTED','REMOVED') not null
2026-08-26 11:21:45.595 [restartedMain] DEBUG org.hibernate.SQL - 
    alter table doctors 
       modify column gender enum ('FEMALE','MALE','OTHER')
2026-08-26 11:21:45.630 [restartedMain] DEBUG org.hibernate.SQL - 
    alter table patients 
       modify column gender enum ('FEMALE','MALE','OTHER')
2026-08-26 11:21:45.645 [restartedMain] DEBUG org.hibernate.SQL - 
    alter table ratings 
       modify column status enum ('FLAGGED','HIDDEN','VISIBLE') not null
2026-08-26 11:21:45.660 [restartedMain] DEBUG org.hibernate.SQL - 
    alter table users 
       modify column role enum ('ADMIN','CLINIC_ADMIN','DOCTOR','PATIENT') not null
2026-08-26 11:21:45.821 [restartedMain] INFO  o.s.o.j.LocalContainerEntityManagerFactoryBean - Initialized JPA EntityManagerFactory for persistence unit 'default'
2026-08-26 11:21:45.914 [restartedMain] DEBUG c.doctorapp.security.JwtAuthFilter - Filter 'jwtAuthFilter' configured for use
2026-08-26 11:21:46.244 [restartedMain] INFO  o.s.s.c.a.a.c.InitializeUserDetailsBeanManagerConfigurer$InitializeUserDetailsManagerConfigurer - Global AuthenticationManager configured with UserDetailsService bean with name customUserDetailsService
2026-08-26 11:21:46.650 [restartedMain] INFO  o.s.b.d.a.OptionalLiveReloadServer - LiveReload server is running on port 35729
2026-08-26 11:21:46.677 [restartedMain] INFO  o.a.coyote.http11.Http11NioProtocol - Starting ProtocolHandler ["http-nio-8082"]
2026-08-26 11:21:46.682 [restartedMain] INFO  o.s.b.w.e.tomcat.TomcatWebServer - Tomcat started on port 8082 (http) with context path '/'
2026-08-26 11:21:46.688 [restartedMain] INFO  com.doctorapp.DoctorAppApplication - Started DoctorAppApplication in 2.416 seconds (process running for 971.87)
2026-08-26 11:21:46.727 [restartedMain] DEBUG org.hibernate.SQL - 
    select
        s1_0.id,
        s1_0.name 
    from
        specializations s1_0 
    where
        upper(s1_0.name)=upper(?)
2026-08-26 11:21:46.740 [restartedMain] DEBUG org.hibernate.SQL - 
    select
        s1_0.id,
        s1_0.name 
    from
        specializations s1_0 
    where
        upper(s1_0.name)=upper(?)
2026-08-26 11:21:46.743 [restartedMain] DEBUG org.hibernate.SQL - 
    select
        s1_0.id,
        s1_0.name 
    from
        specializations s1_0 
    where
        upper(s1_0.name)=upper(?)
2026-08-26 11:21:46.746 [restartedMain] DEBUG org.hibernate.SQL - 
    select
        s1_0.id,
        s1_0.name 
    from
        specializations s1_0 
    where
        upper(s1_0.name)=upper(?)
2026-08-26 11:21:46.750 [restartedMain] DEBUG org.hibernate.SQL - 
    select
        s1_0.id,
        s1_0.name 
    from
        specializations s1_0 
    where
        upper(s1_0.name)=upper(?)
2026-08-26 11:21:46.752 [restartedMain] DEBUG org.hibernate.SQL - 
    select
        s1_0.id,
        s1_0.name 
    from
        specializations s1_0 
    where
        upper(s1_0.name)=upper(?)
2026-08-26 11:21:46.756 [restartedMain] DEBUG org.hibernate.SQL - 
    select
        s1_0.id,
        s1_0.name 
    from
        specializations s1_0 
    where
        upper(s1_0.name)=upper(?)
2026-08-26 11:21:46.758 [restartedMain] DEBUG org.hibernate.SQL - 
    select
        s1_0.id,
        s1_0.name 
    from
        specializations s1_0 
    where
        upper(s1_0.name)=upper(?)
2026-08-26 11:21:46.761 [restartedMain] DEBUG org.hibernate.SQL - 
    select
        s1_0.id,
        s1_0.name 
    from
        specializations s1_0 
    where
        upper(s1_0.name)=upper(?)
2026-08-26 11:21:46.763 [restartedMain] DEBUG org.hibernate.SQL - 
    select
        s1_0.id,
        s1_0.name 
    from
        specializations s1_0 
    where
        upper(s1_0.name)=upper(?)
2026-08-26 11:21:46.767 [restartedMain] DEBUG org.hibernate.SQL - 
    select
        u1_0.id 
    from
        users u1_0 
    where
        u1_0.email=? 
    limit
        ?
2026-08-26 11:21:46.770 [restartedMain] INFO  o.s.b.d.a.ConditionEvaluationDeltaLoggingListener - Condition evaluation unchanged
2026-08-26 11:21:48.105 [File Watcher] INFO  o.s.b.d.a.LocalDevToolsAutoConfiguration$RestartingClassPathChangeChangedEventListener - Restarting due to 3 class path changes (0 additions, 0 deletions, 3 modifications)
2026-08-26 11:21:48.107 [Thread-7] INFO  o.a.coyote.http11.Http11NioProtocol - Stopping ProtocolHandler ["http-nio-8082"]
2026-08-26 11:21:48.124 [Thread-7] INFO  o.s.o.j.LocalContainerEntityManagerFactoryBean - Closing JPA EntityManagerFactory for persistence unit 'default'
2026-08-26 11:21:48.125 [Thread-7] INFO  com.zaxxer.hikari.HikariDataSource - HikariPool-2 - Shutdown initiated...
2026-08-26 11:21:48.128 [Thread-7] INFO  com.zaxxer.hikari.HikariDataSource - HikariPool-2 - Shutdown completed.
2026-08-26 11:21:48.222 [restartedMain] INFO  com.doctorapp.DoctorAppApplication - Starting DoctorAppApplication using Java 21.0.11 with PID 11980 (C:\Users\ashis\doctor appointment\doctorapp-backend\target\classes started by ashis in C:\Users\ashis\doctor appointment\doctorapp-backend)
2026-08-26 11:21:48.222 [restartedMain] DEBUG com.doctorapp.DoctorAppApplication - Running with Spring Boot v3.3.4, Spring v6.1.13
2026-08-26 11:21:48.222 [restartedMain] INFO  com.doctorapp.DoctorAppApplication - No active profile set, falling back to 1 default profile: "default"
2026-08-26 11:21:48.414 [restartedMain] INFO  o.s.d.r.c.RepositoryConfigurationDelegate - Bootstrapping Spring Data JPA repositories in DEFAULT mode.
2026-08-26 11:21:48.446 [restartedMain] INFO  o.s.d.r.c.RepositoryConfigurationDelegate - Finished Spring Data repository scanning in 32 ms. Found 11 JPA repository interfaces.
2026-08-26 11:21:48.566 [restartedMain] INFO  o.s.b.w.e.tomcat.TomcatWebServer - Tomcat initialized with port 8082 (http)
2026-08-26 11:21:48.567 [restartedMain] INFO  o.a.coyote.http11.Http11NioProtocol - Initializing ProtocolHandler ["http-nio-8082"]
2026-08-26 11:21:48.567 [restartedMain] INFO  o.a.catalina.core.StandardService - Starting service [Tomcat]
2026-08-26 11:21:48.567 [restartedMain] INFO  o.a.catalina.core.StandardEngine - Starting Servlet engine: [Apache Tomcat/10.1.30]
2026-08-26 11:21:48.580 [restartedMain] INFO  o.a.c.c.C.[Tomcat].[localhost].[/] - Initializing Spring embedded WebApplicationContext
2026-08-26 11:21:48.580 [restartedMain] INFO  o.s.b.w.s.c.ServletWebServerApplicationContext - Root WebApplicationContext: initialization completed in 356 ms
2026-08-26 11:21:48.632 [restartedMain] INFO  o.h.jpa.internal.util.LogHelper - HHH000204: Processing PersistenceUnitInfo [name: default]
2026-08-26 11:21:48.634 [restartedMain] INFO  o.h.c.i.RegionFactoryInitiator - HHH000026: Second-level cache disabled
2026-08-26 11:21:48.640 [restartedMain] INFO  o.s.o.j.p.SpringPersistenceUnitInfo - No LoadTimeWeaver setup: ignoring JPA class transformer
2026-08-26 11:21:48.642 [restartedMain] INFO  com.zaxxer.hikari.HikariDataSource - HikariPool-3 - Starting...
2026-08-26 11:21:48.647 [restartedMain] INFO  com.zaxxer.hikari.pool.HikariPool - HikariPool-3 - Added connection com.mysql.cj.jdbc.ConnectionImpl@26d24f9e
2026-08-26 11:21:48.648 [restartedMain] INFO  com.zaxxer.hikari.HikariDataSource - HikariPool-3 - Start completed.
2026-08-26 11:21:48.649 [restartedMain] WARN  org.hibernate.orm.deprecation - HHH90000025: MySQLDialect does not need to be specified explicitly using 'hibernate.dialect' (remove the property setting and it will be selected by default)
2026-08-26 11:21:48.839 [restartedMain] INFO  o.h.e.t.j.p.i.JtaPlatformInitiator - HHH000489: No JTA platform available (set 'hibernate.transaction.jta.platform' to enable JTA platform integration)
2026-08-26 11:21:48.853 [restartedMain] DEBUG org.hibernate.SQL - 
    alter table appointment_slots 
       modify column status enum ('AVAILABLE','BOOKED','CANCELLED','LOCKED') not null
2026-08-26 11:21:48.870 [restartedMain] DEBUG org.hibernate.SQL - 
    alter table appointments 
       modify column payment_status enum ('NOT_REQUIRED','PAID','PENDING','REFUNDED') not null
2026-08-26 11:21:48.888 [restartedMain] DEBUG org.hibernate.SQL - 
    alter table appointments 
       modify column status enum ('BOOKED','CANCELLED','COMPLETED','NO_SHOW') not null
2026-08-26 11:21:48.924 [restartedMain] DEBUG org.hibernate.SQL - 
    alter table doctor_availability 
       modify column day_of_week enum ('FRIDAY','MONDAY','SATURDAY','SUNDAY','THURSDAY','TUESDAY','WEDNESDAY') not null
2026-08-26 11:21:48.940 [restartedMain] DEBUG org.hibernate.SQL - 
    alter table doctor_clinic_associations 
       modify column initiated_by enum ('CLINIC','DOCTOR') not null
2026-08-26 11:21:48.952 [restartedMain] DEBUG org.hibernate.SQL - 
    alter table doctor_clinic_associations 
       modify column status enum ('APPROVED','PENDING','REJECTED','REMOVED') not null
2026-08-26 11:21:48.964 [restartedMain] DEBUG org.hibernate.SQL - 
    alter table doctors 
       modify column gender enum ('FEMALE','MALE','OTHER')
2026-08-26 11:21:48.991 [restartedMain] DEBUG org.hibernate.SQL - 
    alter table patients 
       modify column gender enum ('FEMALE','MALE','OTHER')
2026-08-26 11:21:49.007 [restartedMain] DEBUG org.hibernate.SQL - 
    alter table ratings 
       modify column status enum ('FLAGGED','HIDDEN','VISIBLE') not null
2026-08-26 11:21:49.024 [restartedMain] DEBUG org.hibernate.SQL - 
    alter table users 
       modify column role enum ('ADMIN','CLINIC_ADMIN','DOCTOR','PATIENT') not null
2026-08-26 11:21:49.148 [restartedMain] INFO  o.s.o.j.LocalContainerEntityManagerFactoryBean - Initialized JPA EntityManagerFactory for persistence unit 'default'
2026-08-26 11:21:49.213 [restartedMain] DEBUG c.doctorapp.security.JwtAuthFilter - Filter 'jwtAuthFilter' configured for use
2026-08-26 11:21:49.481 [restartedMain] INFO  o.s.s.c.a.a.c.InitializeUserDetailsBeanManagerConfigurer$InitializeUserDetailsManagerConfigurer - Global AuthenticationManager configured with UserDetailsService bean with name customUserDetailsService
2026-08-26 11:21:49.818 [restartedMain] INFO  o.s.b.d.a.OptionalLiveReloadServer - LiveReload server is running on port 35729
2026-08-26 11:21:49.841 [restartedMain] INFO  o.a.coyote.http11.Http11NioProtocol - Starting ProtocolHandler ["http-nio-8082"]
2026-08-26 11:21:49.846 [restartedMain] INFO  o.s.b.w.e.tomcat.TomcatWebServer - Tomcat started on port 8082 (http) with context path '/'
2026-08-26 11:21:49.853 [restartedMain] INFO  com.doctorapp.DoctorAppApplication - Started DoctorAppApplication in 1.66 seconds (process running for 975.035)
2026-08-26 11:21:49.880 [restartedMain] DEBUG org.hibernate.SQL - 
    select
        s1_0.id,
        s1_0.name 
    from
        specializations s1_0 
    where
        upper(s1_0.name)=upper(?)
2026-08-26 11:21:49.883 [restartedMain] DEBUG org.hibernate.SQL - 
    select
        s1_0.id,
        s1_0.name 
    from
        specializations s1_0 
    where
        upper(s1_0.name)=upper(?)
2026-08-26 11:21:49.885 [restartedMain] DEBUG org.hibernate.SQL - 
    select
        s1_0.id,
        s1_0.name 
    from
        specializations s1_0 
    where
        upper(s1_0.name)=upper(?)
2026-08-26 11:21:49.889 [restartedMain] DEBUG org.hibernate.SQL - 
    select
        s1_0.id,
        s1_0.name 
    from
        specializations s1_0 
    where
        upper(s1_0.name)=upper(?)
2026-08-26 11:21:49.891 [restartedMain] DEBUG org.hibernate.SQL - 
    select
        s1_0.id,
        s1_0.name 
    from
        specializations s1_0 
    where
        upper(s1_0.name)=upper(?)
2026-08-26 11:21:49.894 [restartedMain] DEBUG org.hibernate.SQL - 
    select
        s1_0.id,
        s1_0.name 
    from
        specializations s1_0 
    where
        upper(s1_0.name)=upper(?)
2026-08-26 11:21:49.897 [restartedMain] DEBUG org.hibernate.SQL - 
    select
        s1_0.id,
        s1_0.name 
    from
        specializations s1_0 
    where
        upper(s1_0.name)=upper(?)
2026-08-26 11:21:49.899 [restartedMain] DEBUG org.hibernate.SQL - 
    select
        s1_0.id,
        s1_0.name 
    from
        specializations s1_0 
    where
        upper(s1_0.name)=upper(?)
2026-08-26 11:21:49.902 [restartedMain] DEBUG org.hibernate.SQL - 
    select
        s1_0.id,
        s1_0.name 
    from
        specializations s1_0 
    where
        upper(s1_0.name)=upper(?)
2026-08-26 11:21:49.905 [restartedMain] DEBUG org.hibernate.SQL - 
    select
        s1_0.id,
        s1_0.name 
    from
        specializations s1_0 
    where
        upper(s1_0.name)=upper(?)
2026-08-26 11:21:49.908 [restartedMain] DEBUG org.hibernate.SQL - 
    select
        u1_0.id 
    from
        users u1_0 
    where
        u1_0.email=? 
    limit
        ?
2026-08-26 11:21:49.911 [restartedMain] INFO  o.s.b.d.a.ConditionEvaluationDeltaLoggingListener - Condition evaluation unchanged
2026-08-26 11:22:03.731 [http-nio-8082-exec-2] INFO  o.a.c.c.C.[Tomcat].[localhost].[/] - Initializing Spring DispatcherServlet 'dispatcherServlet'
2026-08-26 11:22:03.731 [http-nio-8082-exec-2] INFO  o.s.web.servlet.DispatcherServlet - Initializing Servlet 'dispatcherServlet'
2026-08-26 11:22:03.735 [http-nio-8082-exec-2] INFO  o.s.web.servlet.DispatcherServlet - Completed initialization in 4 ms
2026-08-26 11:22:03.756 [http-nio-8082-exec-1] DEBUG org.hibernate.SQL - 
    select
        u1_0.id,
        u1_0.created_at,
        u1_0.email,
        u1_0.enabled,
        u1_0.password,
        u1_0.role 
    from
        users u1_0 
    where
        u1_0.email=?
2026-08-26 11:22:03.779 [http-nio-8082-exec-1] DEBUG org.hibernate.SQL - 
    select
        p1_0.id,
        p1_0.dob,
        p1_0.gender,
        p1_0.last_known_lat,
        p1_0.last_known_lng,
        p1_0.name,
        p1_0.phone,
        p1_0.user_id 
    from
        patients p1_0 
    where
        p1_0.user_id=?
2026-08-26 11:22:03.782 [http-nio-8082-exec-1] DEBUG org.hibernate.SQL - 
    select
        a1_0.id,
        a1_0.appointment_date,
        a1_0.clinic_id,
        a1_0.consultation_fee,
        a1_0.created_at,
        a1_0.doctor_id,
        a1_0.end_time,
        a1_0.patient_id,
        a1_0.payment_status,
        a1_0.slot_id,
        a1_0.start_time,
        a1_0.status 
    from
        appointments a1_0 
    where
        a1_0.patient_id=? 
    order by
        a1_0.appointment_date desc,
        a1_0.start_time desc
2026-08-26 11:22:03.797 [http-nio-8082-exec-1] DEBUG org.hibernate.SQL - 
    select
        d1_0.id,
        d1_0.active,
        d1_0.avg_rating,
        d1_0.consultation_fee,
        d1_0.created_at,
        d1_0.dob,
        d1_0.experience_years,
        d1_0.gender,
        d1_0.name,
        d1_0.profile_image_url,
        d1_0.qualification,
        d1_0.rating_count,
        d1_0.user_id,
        d1_0.verified 
    from
        doctors d1_0 
    where
        d1_0.id=?
2026-08-26 11:22:03.799 [http-nio-8082-exec-1] DEBUG org.hibernate.SQL - 
    select
        c1_0.id,
        c1_0.active,
        c1_0.address,
        c1_0.city,
        c1_0.clinic_admin_id,
        c1_0.clinic_name,
        c1_0.latitude,
        c1_0.longitude,
        c1_0.phone,
        c1_0.pincode,
        c1_0.verified 
    from
        clinics c1_0 
    where
        c1_0.id=?
2026-08-26 11:22:03.799 [http-nio-8082-exec-1] DEBUG org.hibernate.SQL - 
    select
        r1_0.id 
    from
        ratings r1_0 
    where
        r1_0.appointment_id=? 
    limit
        ?
2026-08-26 11:22:03.843 [http-nio-8082-exec-4] DEBUG org.hibernate.SQL - 
    select
        u1_0.id,
        u1_0.created_at,
        u1_0.email,
        u1_0.enabled,
        u1_0.password,
        u1_0.role 
    from
        users u1_0 
    where
        u1_0.email=?
2026-08-26 11:22:03.851 [http-nio-8082-exec-4] DEBUG org.hibernate.SQL - 
    select
        p1_0.id,
        p1_0.dob,
        p1_0.gender,
        p1_0.last_known_lat,
        p1_0.last_known_lng,
        p1_0.name,
        p1_0.phone,
        p1_0.user_id 
    from
        patients p1_0 
    where
        p1_0.user_id=?
2026-08-26 11:22:03.857 [http-nio-8082-exec-4] DEBUG org.hibernate.SQL - 
    select
        a1_0.id,
        a1_0.appointment_date,
        a1_0.clinic_id,
        a1_0.consultation_fee,
        a1_0.created_at,
        a1_0.doctor_id,
        a1_0.end_time,
        a1_0.patient_id,
        a1_0.payment_status,
        a1_0.slot_id,
        a1_0.start_time,
        a1_0.status 
    from
        appointments a1_0 
    where
        a1_0.patient_id=? 
    order by
        a1_0.appointment_date desc,
        a1_0.start_time desc
2026-08-26 11:22:03.857 [http-nio-8082-exec-4] DEBUG org.hibernate.SQL - 
    select
        d1_0.id,
        d1_0.active,
        d1_0.avg_rating,
        d1_0.consultation_fee,
        d1_0.created_at,
        d1_0.dob,
        d1_0.experience_years,
        d1_0.gender,
        d1_0.name,
        d1_0.profile_image_url,
        d1_0.qualification,
        d1_0.rating_count,
        d1_0.user_id,
        d1_0.verified 
    from
        doctors d1_0 
    where
        d1_0.id=?
2026-08-26 11:22:03.857 [http-nio-8082-exec-4] DEBUG org.hibernate.SQL - 
    select
        c1_0.id,
        c1_0.active,
        c1_0.address,
        c1_0.city,
        c1_0.clinic_admin_id,
        c1_0.clinic_name,
        c1_0.latitude,
        c1_0.longitude,
        c1_0.phone,
        c1_0.pincode,
        c1_0.verified 
    from
        clinics c1_0 
    where
        c1_0.id=?
2026-08-26 11:22:03.864 [http-nio-8082-exec-4] DEBUG org.hibernate.SQL - 
    select
        r1_0.id 
    from
        ratings r1_0 
    where
        r1_0.appointment_id=? 
    limit
        ?
