2026-08-30 00:12:01.070 [HikariPool-3 housekeeper] WARN  com.zaxxer.hikari.pool.HikariPool - HikariPool-3 - Thread starvation or clock leap detected (housekeeper delta=1h12m21s482ms462µs600ns).
2026-08-30 00:13:12.114 [RMI TCP Connection(81)-127.0.0.1] INFO  o.s.b.a.SpringApplicationAdminMXBeanRegistrar$SpringApplicationAdmin - Application shutdown requested.
2026-08-30 00:13:12.122 [RMI TCP Connection(81)-127.0.0.1] INFO  o.a.coyote.http11.Http11NioProtocol - Stopping ProtocolHandler ["http-nio-8083"]
2026-08-30 00:13:12.146 [RMI TCP Connection(81)-127.0.0.1] INFO  o.s.o.j.LocalContainerEntityManagerFactoryBean - Closing JPA EntityManagerFactory for persistence unit 'default'
2026-08-30 00:13:12.148 [RMI TCP Connection(81)-127.0.0.1] INFO  com.zaxxer.hikari.HikariDataSource - HikariPool-3 - Shutdown initiated...
2026-08-30 00:13:12.151 [RMI TCP Connection(81)-127.0.0.1] INFO  com.zaxxer.hikari.HikariDataSource - HikariPool-3 - Shutdown completed.
2026-08-30 12:43:54.473 [background-preinit] INFO  o.h.validator.internal.util.Version - HV000001: Hibernate Validator 8.0.1.Final
2026-08-30 12:43:54.558 [restartedMain] INFO  com.onehealth.OneHealthApplication - Starting OneHealthApplication using Java 21.0.11 with PID 17080 (C:\Users\ashis\one health clinic app\onehealth-backend\target\classes started by ashis in C:\Users\ashis\one health clinic app\onehealth-backend)
2026-08-30 12:43:54.559 [restartedMain] DEBUG com.onehealth.OneHealthApplication - Running with Spring Boot v3.3.4, Spring v6.1.13
2026-08-30 12:43:54.561 [restartedMain] INFO  com.onehealth.OneHealthApplication - No active profile set, falling back to 1 default profile: "default"
2026-08-30 12:43:54.680 [restartedMain] INFO  o.s.b.d.e.DevToolsPropertyDefaultsPostProcessor - Devtools property defaults active! Set 'spring.devtools.add-properties' to 'false' to disable
2026-08-30 12:43:54.680 [restartedMain] INFO  o.s.b.d.e.DevToolsPropertyDefaultsPostProcessor - For additional web related logging consider setting the 'logging.level.web' property to 'DEBUG'
2026-08-30 12:43:57.593 [restartedMain] INFO  o.s.d.r.c.RepositoryConfigurationDelegate - Bootstrapping Spring Data JPA repositories in DEFAULT mode.
2026-08-30 12:43:58.093 [restartedMain] INFO  o.s.d.r.c.RepositoryConfigurationDelegate - Finished Spring Data repository scanning in 476 ms. Found 13 JPA repository interfaces.
2026-08-30 12:43:59.723 [restartedMain] INFO  o.s.b.w.e.tomcat.TomcatWebServer - Tomcat initialized with port 8083 (http)
2026-08-30 12:43:59.741 [restartedMain] INFO  o.a.coyote.http11.Http11NioProtocol - Initializing ProtocolHandler ["http-nio-8083"]
2026-08-30 12:43:59.747 [restartedMain] INFO  o.a.catalina.core.StandardService - Starting service [Tomcat]
2026-08-30 12:43:59.747 [restartedMain] INFO  o.a.catalina.core.StandardEngine - Starting Servlet engine: [Apache Tomcat/10.1.30]
2026-08-30 12:43:59.840 [restartedMain] INFO  o.a.c.c.C.[Tomcat].[localhost].[/] - Initializing Spring embedded WebApplicationContext
2026-08-30 12:43:59.841 [restartedMain] INFO  o.s.b.w.s.c.ServletWebServerApplicationContext - Root WebApplicationContext: initialization completed in 5159 ms
2026-08-30 12:44:00.134 [restartedMain] INFO  o.h.jpa.internal.util.LogHelper - HHH000204: Processing PersistenceUnitInfo [name: default]
2026-08-30 12:44:00.253 [restartedMain] INFO  org.hibernate.Version - HHH000412: Hibernate ORM core version 6.5.3.Final
2026-08-30 12:44:00.308 [restartedMain] INFO  o.h.c.i.RegionFactoryInitiator - HHH000026: Second-level cache disabled
2026-08-30 12:44:00.686 [restartedMain] INFO  o.s.o.j.p.SpringPersistenceUnitInfo - No LoadTimeWeaver setup: ignoring JPA class transformer
2026-08-30 12:44:00.722 [restartedMain] INFO  com.zaxxer.hikari.HikariDataSource - HikariPool-1 - Starting...
2026-08-30 12:44:00.920 [restartedMain] INFO  com.zaxxer.hikari.pool.HikariPool - HikariPool-1 - Added connection com.mysql.cj.jdbc.ConnectionImpl@7546bc58
2026-08-30 12:44:00.923 [restartedMain] INFO  com.zaxxer.hikari.HikariDataSource - HikariPool-1 - Start completed.
2026-08-30 12:44:01.009 [restartedMain] WARN  org.hibernate.orm.deprecation - HHH90000025: MySQLDialect does not need to be specified explicitly using 'hibernate.dialect' (remove the property setting and it will be selected by default)
2026-08-30 12:44:02.343 [restartedMain] INFO  o.h.e.t.j.p.i.JtaPlatformInitiator - HHH000489: No JTA platform available (set 'hibernate.transaction.jta.platform' to enable JTA platform integration)
2026-08-30 12:44:02.437 [restartedMain] DEBUG org.hibernate.SQL - 
    alter table appointment_slots 
       modify column status enum ('AVAILABLE','BOOKED','CANCELLED','LOCKED') not null
2026-08-30 12:44:02.545 [restartedMain] DEBUG org.hibernate.SQL - 
    alter table appointments 
       modify column payment_status enum ('NOT_REQUIRED','PAID','PENDING','REFUNDED') not null
2026-08-30 12:44:02.565 [restartedMain] DEBUG org.hibernate.SQL - 
    alter table appointments 
       modify column source enum ('ONLINE','WALK_IN') not null
2026-08-30 12:44:02.578 [restartedMain] DEBUG org.hibernate.SQL - 
    alter table appointments 
       modify column status enum ('BOOKED','CANCELLED','COMPLETED','NO_SHOW') not null
2026-08-30 12:44:02.593 [restartedMain] DEBUG org.hibernate.SQL - 
    alter table doctor_availability 
       modify column day_of_week enum ('FRIDAY','MONDAY','SATURDAY','SUNDAY','THURSDAY','TUESDAY','WEDNESDAY') not null
2026-08-30 12:44:02.617 [restartedMain] DEBUG org.hibernate.SQL - 
    alter table doctors 
       modify column gender enum ('FEMALE','MALE','OTHER')
2026-08-30 12:44:02.660 [restartedMain] DEBUG org.hibernate.SQL - 
    alter table employee_profiles 
       modify column gender enum ('FEMALE','MALE','OTHER')
2026-08-30 12:44:02.675 [restartedMain] DEBUG org.hibernate.SQL - 
    alter table patients 
       modify column gender enum ('FEMALE','MALE','OTHER')
2026-08-30 12:44:02.696 [restartedMain] DEBUG org.hibernate.SQL - 
    alter table users 
       modify column role enum ('CLINIC_ADMIN','DOCTOR','OWNER','PATIENT','SUPER_ADMIN') not null
2026-08-30 12:44:02.829 [restartedMain] INFO  o.s.o.j.LocalContainerEntityManagerFactoryBean - Initialized JPA EntityManagerFactory for persistence unit 'default'
2026-08-30 12:44:03.249 [restartedMain] DEBUG c.onehealth.security.JwtAuthFilter - Filter 'jwtAuthFilter' configured for use
2026-08-30 12:44:03.376 [restartedMain] INFO  o.s.s.c.a.a.c.InitializeUserDetailsBeanManagerConfigurer$InitializeUserDetailsManagerConfigurer - Global AuthenticationManager configured with UserDetailsService bean with name customUserDetailsService
2026-08-30 12:44:03.508 [restartedMain] INFO  o.s.d.j.r.query.QueryEnhancerFactory - Hibernate is in classpath; If applicable, HQL parser will be used.
2026-08-30 12:44:05.263 [restartedMain] INFO  o.s.b.d.a.OptionalLiveReloadServer - LiveReload server is running on port 35729
2026-08-30 12:44:05.293 [restartedMain] INFO  o.a.coyote.http11.Http11NioProtocol - Starting ProtocolHandler ["http-nio-8083"]
2026-08-30 12:44:05.333 [restartedMain] INFO  o.s.b.w.e.tomcat.TomcatWebServer - Tomcat started on port 8083 (http) with context path '/'
2026-08-30 12:44:05.347 [restartedMain] INFO  com.onehealth.OneHealthApplication - Started OneHealthApplication in 11.693 seconds (process running for 13.042)
2026-08-30 12:44:05.457 [restartedMain] DEBUG org.hibernate.SQL - 
    select
        u1_0.id 
    from
        users u1_0 
    where
        u1_0.email=? 
    limit
        ?
2026-08-30 12:44:05.466 [restartedMain] DEBUG org.hibernate.SQL - 
    select
        o1_0.id 
    from
        organizations o1_0 
    where
        o1_0.slug=? 
    limit
        ?
2026-08-30 12:44:34.796 [http-nio-8083-exec-1] INFO  o.a.c.c.C.[Tomcat].[localhost].[/] - Initializing Spring DispatcherServlet 'dispatcherServlet'
2026-08-30 12:44:34.796 [http-nio-8083-exec-1] INFO  o.s.web.servlet.DispatcherServlet - Initializing Servlet 'dispatcherServlet'
2026-08-30 12:44:34.812 [http-nio-8083-exec-1] INFO  o.s.web.servlet.DispatcherServlet - Completed initialization in 16 ms
2026-08-30 12:44:35.293 [http-nio-8083-exec-2] DEBUG org.hibernate.SQL - 
    select
        u1_0.id,
        u1_0.created_at,
        u1_0.email,
        u1_0.enabled,
        u1_0.name,
        u1_0.organization_id,
        u1_0.password,
        u1_0.role 
    from
        users u1_0 
    where
        u1_0.email=?
2026-08-30 12:44:35.466 [http-nio-8083-exec-2] WARN  o.s.w.s.m.m.a.ExceptionHandlerExceptionResolver - Resolved [org.springframework.security.authentication.BadCredentialsException: Bad credentials]
2026-08-30 12:44:37.529 [http-nio-8083-exec-3] DEBUG org.hibernate.SQL - 
    select
        u1_0.id,
        u1_0.created_at,
        u1_0.email,
        u1_0.enabled,
        u1_0.name,
        u1_0.organization_id,
        u1_0.password,
        u1_0.role 
    from
        users u1_0 
    where
        u1_0.email=?
2026-08-30 12:44:37.639 [http-nio-8083-exec-3] DEBUG org.hibernate.SQL - 
    select
        u1_0.id,
        u1_0.created_at,
        u1_0.email,
        u1_0.enabled,
        u1_0.name,
        u1_0.organization_id,
        u1_0.password,
        u1_0.role 
    from
        users u1_0 
    where
        u1_0.email=?
2026-08-30 12:44:37.811 [http-nio-8083-exec-3] DEBUG org.hibernate.SQL - 
    select
        o1_0.id,
        o1_0.active,
        o1_0.created_at,
        o1_0.name,
        o1_0.slug,
        o1_0.support_phone 
    from
        organizations o1_0 
    where
        o1_0.id=?
2026-08-30 12:44:37.943 [http-nio-8083-exec-6] DEBUG org.hibernate.SQL - 
    select
        u1_0.id,
        u1_0.created_at,
        u1_0.email,
        u1_0.enabled,
        u1_0.name,
        u1_0.organization_id,
        u1_0.password,
        u1_0.role 
    from
        users u1_0 
    where
        u1_0.email=?
2026-08-30 12:44:37.974 [http-nio-8083-exec-6] DEBUG org.hibernate.SQL - 
    select
        ca1_0.id,
        ca1_0.clinic_id,
        ca1_0.created_at,
        ca1_0.name,
        ca1_0.organization_id,
        ca1_0.phone,
        ca1_0.user_id 
    from
        clinic_admins ca1_0 
    where
        ca1_0.user_id=?
2026-08-30 12:44:37.990 [http-nio-8083-exec-6] DEBUG org.hibernate.SQL - 
    select
        c1_0.id,
        c1_0.active,
        c1_0.address,
        c1_0.city,
        c1_0.clinic_name,
        c1_0.latitude,
        c1_0.longitude,
        c1_0.organization_id,
        c1_0.phone,
        c1_0.pincode 
    from
        clinics c1_0 
    where
        c1_0.id=?
2026-08-30 12:44:38.005 [http-nio-8083-exec-6] DEBUG org.hibernate.SQL - 
    select
        a1_0.id,
        a1_0.appointment_date,
        a1_0.booked_by_user_id,
        a1_0.clinic_id,
        a1_0.consultation_fee,
        a1_0.created_at,
        a1_0.doctor_id,
        a1_0.end_time,
        a1_0.organization_id,
        a1_0.patient_id,
        a1_0.payment_status,
        a1_0.slot_id,
        a1_0.source,
        a1_0.start_time,
        a1_0.status 
    from
        appointments a1_0 
    where
        a1_0.organization_id=? 
        and a1_0.clinic_id=? 
        and a1_0.appointment_date between ? and ?
2026-08-30 12:44:38.021 [http-nio-8083-exec-6] DEBUG org.hibernate.SQL - 
    select
        da1_0.id,
        da1_0.active,
        da1_0.clinic_id,
        da1_0.day_of_week,
        da1_0.doctor_id,
        da1_0.end_time,
        da1_0.slot_duration_minutes,
        da1_0.start_time 
    from
        doctor_availability da1_0 
    where
        da1_0.clinic_id=? 
    order by
        da1_0.day_of_week,
        da1_0.start_time
2026-08-30 12:44:38.036 [http-nio-8083-exec-6] DEBUG org.hibernate.SQL - 
    select
        d1_0.id,
        d1_0.active,
        d1_0.consultation_fee,
        d1_0.created_at,
        d1_0.dob,
        d1_0.experience_years,
        d1_0.gender,
        d1_0.name,
        d1_0.organization_id,
        d1_0.profile_image_url,
        d1_0.qualification,
        d1_0.user_id 
    from
        doctors d1_0 
    where
        d1_0.id=?
2026-08-30 12:44:38.068 [http-nio-8083-exec-6] DEBUG org.hibernate.SQL - 
    select
        as1_0.id,
        as1_0.clinic_id,
        as1_0.slot_date,
        as1_0.doctor_id,
        as1_0.end_time,
        as1_0.start_time,
        as1_0.status,
        as1_0.version 
    from
        appointment_slots as1_0 
    where
        as1_0.doctor_id=? 
        and as1_0.clinic_id=? 
        and as1_0.slot_date=? 
    order by
        as1_0.start_time
2026-08-30 12:44:38.083 [http-nio-8083-exec-6] DEBUG org.hibernate.SQL - 
    select
        d1_0.id,
        d1_0.active,
        d1_0.consultation_fee,
        d1_0.created_at,
        d1_0.dob,
        d1_0.experience_years,
        d1_0.gender,
        d1_0.name,
        d1_0.organization_id,
        d1_0.profile_image_url,
        d1_0.qualification,
        d1_0.user_id 
    from
        doctors d1_0 
    where
        d1_0.organization_id=? 
        and d1_0.active
2026-08-30 12:44:38.130 [http-nio-8083-exec-7] DEBUG org.hibernate.SQL - 
    select
        u1_0.id,
        u1_0.created_at,
        u1_0.email,
        u1_0.enabled,
        u1_0.name,
        u1_0.organization_id,
        u1_0.password,
        u1_0.role 
    from
        users u1_0 
    where
        u1_0.email=?
2026-08-30 12:44:38.136 [http-nio-8083-exec-7] DEBUG org.hibernate.SQL - 
    select
        ca1_0.id,
        ca1_0.clinic_id,
        ca1_0.created_at,
        ca1_0.name,
        ca1_0.organization_id,
        ca1_0.phone,
        ca1_0.user_id 
    from
        clinic_admins ca1_0 
    where
        ca1_0.user_id=?
2026-08-30 12:44:38.139 [http-nio-8083-exec-7] DEBUG org.hibernate.SQL - 
    select
        c1_0.id,
        c1_0.active,
        c1_0.address,
        c1_0.city,
        c1_0.clinic_name,
        c1_0.latitude,
        c1_0.longitude,
        c1_0.organization_id,
        c1_0.phone,
        c1_0.pincode 
    from
        clinics c1_0 
    where
        c1_0.id=?
2026-08-30 12:44:38.149 [http-nio-8083-exec-7] DEBUG org.hibernate.SQL - 
    select
        a1_0.id,
        a1_0.appointment_date,
        a1_0.booked_by_user_id,
        a1_0.clinic_id,
        a1_0.consultation_fee,
        a1_0.created_at,
        a1_0.doctor_id,
        a1_0.end_time,
        a1_0.organization_id,
        a1_0.patient_id,
        a1_0.payment_status,
        a1_0.slot_id,
        a1_0.source,
        a1_0.start_time,
        a1_0.status 
    from
        appointments a1_0 
    where
        a1_0.organization_id=? 
        and a1_0.clinic_id=? 
        and a1_0.appointment_date between ? and ?
2026-08-30 12:44:38.153 [http-nio-8083-exec-7] DEBUG org.hibernate.SQL - 
    select
        da1_0.id,
        da1_0.active,
        da1_0.clinic_id,
        da1_0.day_of_week,
        da1_0.doctor_id,
        da1_0.end_time,
        da1_0.slot_duration_minutes,
        da1_0.start_time 
    from
        doctor_availability da1_0 
    where
        da1_0.clinic_id=? 
    order by
        da1_0.day_of_week,
        da1_0.start_time
2026-08-30 12:44:38.156 [http-nio-8083-exec-7] DEBUG org.hibernate.SQL - 
    select
        d1_0.id,
        d1_0.active,
        d1_0.consultation_fee,
        d1_0.created_at,
        d1_0.dob,
        d1_0.experience_years,
        d1_0.gender,
        d1_0.name,
        d1_0.organization_id,
        d1_0.profile_image_url,
        d1_0.qualification,
        d1_0.user_id 
    from
        doctors d1_0 
    where
        d1_0.id=?
2026-08-30 12:44:38.163 [http-nio-8083-exec-7] DEBUG org.hibernate.SQL - 
    select
        as1_0.id,
        as1_0.clinic_id,
        as1_0.slot_date,
        as1_0.doctor_id,
        as1_0.end_time,
        as1_0.start_time,
        as1_0.status,
        as1_0.version 
    from
        appointment_slots as1_0 
    where
        as1_0.doctor_id=? 
        and as1_0.clinic_id=? 
        and as1_0.slot_date=? 
    order by
        as1_0.start_time
2026-08-30 12:44:38.167 [http-nio-8083-exec-7] DEBUG org.hibernate.SQL - 
    select
        d1_0.id,
        d1_0.active,
        d1_0.consultation_fee,
        d1_0.created_at,
        d1_0.dob,
        d1_0.experience_years,
        d1_0.gender,
        d1_0.name,
        d1_0.organization_id,
        d1_0.profile_image_url,
        d1_0.qualification,
        d1_0.user_id 
    from
        doctors d1_0 
    where
        d1_0.organization_id=? 
        and d1_0.active
2026-08-30 12:44:43.798 [http-nio-8083-exec-10] DEBUG org.hibernate.SQL - 
    select
        u1_0.id,
        u1_0.created_at,
        u1_0.email,
        u1_0.enabled,
        u1_0.name,
        u1_0.organization_id,
        u1_0.password,
        u1_0.role 
    from
        users u1_0 
    where
        u1_0.email=?
2026-08-30 12:44:43.804 [http-nio-8083-exec-10] DEBUG org.hibernate.SQL - 
    select
        ca1_0.id,
        ca1_0.clinic_id,
        ca1_0.created_at,
        ca1_0.name,
        ca1_0.organization_id,
        ca1_0.phone,
        ca1_0.user_id 
    from
        clinic_admins ca1_0 
    where
        ca1_0.user_id=?
2026-08-30 12:44:43.811 [http-nio-8083-exec-10] DEBUG org.hibernate.SQL - 
    select
        dca1_0.id,
        dca1_0.active,
        dca1_0.assigned_at,
        dca1_0.clinic_id,
        dca1_0.doctor_id 
    from
        doctor_clinic_assignments dca1_0 
    where
        dca1_0.clinic_id=? 
        and dca1_0.active
2026-08-30 12:44:43.816 [http-nio-8083-exec-10] DEBUG org.hibernate.SQL - 
    select
        d1_0.id,
        d1_0.active,
        d1_0.consultation_fee,
        d1_0.created_at,
        d1_0.dob,
        d1_0.experience_years,
        d1_0.gender,
        d1_0.name,
        d1_0.organization_id,
        d1_0.profile_image_url,
        d1_0.qualification,
        d1_0.user_id 
    from
        doctors d1_0 
    where
        d1_0.id=?
2026-08-30 12:44:43.821 [http-nio-8083-exec-10] DEBUG org.hibernate.SQL - 
    select
        dca1_0.id,
        dca1_0.active,
        dca1_0.assigned_at,
        dca1_0.clinic_id,
        dca1_0.doctor_id 
    from
        doctor_clinic_assignments dca1_0 
    where
        dca1_0.doctor_id=? 
        and dca1_0.active
2026-08-30 12:44:43.825 [http-nio-8083-exec-10] DEBUG org.hibernate.SQL - 
    select
        c1_0.id,
        c1_0.active,
        c1_0.address,
        c1_0.city,
        c1_0.clinic_name,
        c1_0.latitude,
        c1_0.longitude,
        c1_0.organization_id,
        c1_0.phone,
        c1_0.pincode 
    from
        clinics c1_0 
    where
        c1_0.id=?
2026-08-30 12:44:43.830 [http-nio-8083-exec-10] DEBUG org.hibernate.SQL - 
    select
        s1_0.doctor_id,
        s1_1.id,
        s1_1.active,
        s1_1.name,
        s1_1.organization_id 
    from
        doctor_specializations s1_0 
    join
        specializations s1_1 
            on s1_1.id=s1_0.specialization_id 
    where
        s1_0.doctor_id=?
2026-08-30 12:44:43.862 [http-nio-8083-exec-1] DEBUG org.hibernate.SQL - 
    select
        u1_0.id,
        u1_0.created_at,
        u1_0.email,
        u1_0.enabled,
        u1_0.name,
        u1_0.organization_id,
        u1_0.password,
        u1_0.role 
    from
        users u1_0 
    where
        u1_0.email=?
2026-08-30 12:44:43.862 [http-nio-8083-exec-1] DEBUG org.hibernate.SQL - 
    select
        ca1_0.id,
        ca1_0.clinic_id,
        ca1_0.created_at,
        ca1_0.name,
        ca1_0.organization_id,
        ca1_0.phone,
        ca1_0.user_id 
    from
        clinic_admins ca1_0 
    where
        ca1_0.user_id=?
2026-08-30 12:44:43.875 [http-nio-8083-exec-1] DEBUG org.hibernate.SQL - 
    select
        dca1_0.id,
        dca1_0.active,
        dca1_0.assigned_at,
        dca1_0.clinic_id,
        dca1_0.doctor_id 
    from
        doctor_clinic_assignments dca1_0 
    where
        dca1_0.clinic_id=? 
        and dca1_0.active
2026-08-30 12:44:43.877 [http-nio-8083-exec-1] DEBUG org.hibernate.SQL - 
    select
        d1_0.id,
        d1_0.active,
        d1_0.consultation_fee,
        d1_0.created_at,
        d1_0.dob,
        d1_0.experience_years,
        d1_0.gender,
        d1_0.name,
        d1_0.organization_id,
        d1_0.profile_image_url,
        d1_0.qualification,
        d1_0.user_id 
    from
        doctors d1_0 
    where
        d1_0.id=?
2026-08-30 12:44:43.880 [http-nio-8083-exec-1] DEBUG org.hibernate.SQL - 
    select
        dca1_0.id,
        dca1_0.active,
        dca1_0.assigned_at,
        dca1_0.clinic_id,
        dca1_0.doctor_id 
    from
        doctor_clinic_assignments dca1_0 
    where
        dca1_0.doctor_id=? 
        and dca1_0.active
2026-08-30 12:44:43.883 [http-nio-8083-exec-1] DEBUG org.hibernate.SQL - 
    select
        c1_0.id,
        c1_0.active,
        c1_0.address,
        c1_0.city,
        c1_0.clinic_name,
        c1_0.latitude,
        c1_0.longitude,
        c1_0.organization_id,
        c1_0.phone,
        c1_0.pincode 
    from
        clinics c1_0 
    where
        c1_0.id=?
2026-08-30 12:44:43.885 [http-nio-8083-exec-1] DEBUG org.hibernate.SQL - 
    select
        s1_0.doctor_id,
        s1_1.id,
        s1_1.active,
        s1_1.name,
        s1_1.organization_id 
    from
        doctor_specializations s1_0 
    join
        specializations s1_1 
            on s1_1.id=s1_0.specialization_id 
    where
        s1_0.doctor_id=?
2026-08-30 12:44:46.926 [http-nio-8083-exec-3] DEBUG org.hibernate.SQL - 
    select
        u1_0.id,
        u1_0.created_at,
        u1_0.email,
        u1_0.enabled,
        u1_0.name,
        u1_0.organization_id,
        u1_0.password,
        u1_0.role 
    from
        users u1_0 
    where
        u1_0.email=?
2026-08-30 12:44:46.936 [http-nio-8083-exec-3] DEBUG org.hibernate.SQL - 
    select
        ca1_0.id,
        ca1_0.clinic_id,
        ca1_0.created_at,
        ca1_0.name,
        ca1_0.organization_id,
        ca1_0.phone,
        ca1_0.user_id 
    from
        clinic_admins ca1_0 
    where
        ca1_0.user_id=?
2026-08-30 12:44:46.936 [http-nio-8083-exec-3] DEBUG org.hibernate.SQL - 
    select
        as1_0.id,
        as1_0.clinic_id,
        as1_0.slot_date,
        as1_0.doctor_id,
        as1_0.end_time,
        as1_0.start_time,
        as1_0.status,
        as1_0.version 
    from
        appointment_slots as1_0 
    where
        as1_0.doctor_id=? 
        and as1_0.clinic_id=? 
        and as1_0.slot_date=? 
    order by
        as1_0.start_time
2026-08-30 12:44:46.936 [http-nio-8083-exec-3] DEBUG org.hibernate.SQL - 
    select
        d1_0.id,
        d1_0.active,
        d1_0.consultation_fee,
        d1_0.created_at,
        d1_0.dob,
        d1_0.experience_years,
        d1_0.gender,
        d1_0.name,
        d1_0.organization_id,
        d1_0.profile_image_url,
        d1_0.qualification,
        d1_0.user_id 
    from
        doctors d1_0 
    where
        d1_0.id=?
2026-08-30 12:44:46.953 [http-nio-8083-exec-3] DEBUG org.hibernate.SQL - 
    select
        c1_0.id,
        c1_0.active,
        c1_0.address,
        c1_0.city,
        c1_0.clinic_name,
        c1_0.latitude,
        c1_0.longitude,
        c1_0.organization_id,
        c1_0.phone,
        c1_0.pincode 
    from
        clinics c1_0 
    where
        c1_0.id=?
2026-08-30 12:44:46.971 [http-nio-8083-exec-3] DEBUG org.hibernate.SQL - 
    select
        da1_0.id,
        da1_0.active,
        da1_0.clinic_id,
        da1_0.day_of_week,
        da1_0.doctor_id,
        da1_0.end_time,
        da1_0.slot_duration_minutes,
        da1_0.start_time 
    from
        doctor_availability da1_0 
    where
        da1_0.doctor_id=? 
        and da1_0.clinic_id=? 
        and da1_0.day_of_week=? 
        and da1_0.active
2026-08-30 12:44:47.002 [http-nio-8083-exec-3] DEBUG org.hibernate.SQL - 
    insert 
    into
        appointment_slots
        (clinic_id, slot_date, doctor_id, end_time, start_time, status, version) 
    values
        (?, ?, ?, ?, ?, ?, ?)
2026-08-30 12:44:47.034 [http-nio-8083-exec-3] DEBUG org.hibernate.SQL - 
    insert 
    into
        appointment_slots
        (clinic_id, slot_date, doctor_id, end_time, start_time, status, version) 
    values
        (?, ?, ?, ?, ?, ?, ?)
2026-08-30 12:44:47.034 [http-nio-8083-exec-3] DEBUG org.hibernate.SQL - 
    insert 
    into
        appointment_slots
        (clinic_id, slot_date, doctor_id, end_time, start_time, status, version) 
    values
        (?, ?, ?, ?, ?, ?, ?)
2026-08-30 12:44:47.049 [http-nio-8083-exec-3] DEBUG org.hibernate.SQL - 
    insert 
    into
        appointment_slots
        (clinic_id, slot_date, doctor_id, end_time, start_time, status, version) 
    values
        (?, ?, ?, ?, ?, ?, ?)
2026-08-30 12:44:47.049 [http-nio-8083-exec-3] DEBUG org.hibernate.SQL - 
    insert 
    into
        appointment_slots
        (clinic_id, slot_date, doctor_id, end_time, start_time, status, version) 
    values
        (?, ?, ?, ?, ?, ?, ?)
2026-08-30 12:44:47.049 [http-nio-8083-exec-3] DEBUG org.hibernate.SQL - 
    insert 
    into
        appointment_slots
        (clinic_id, slot_date, doctor_id, end_time, start_time, status, version) 
    values
        (?, ?, ?, ?, ?, ?, ?)
2026-08-30 12:44:47.049 [http-nio-8083-exec-3] DEBUG org.hibernate.SQL - 
    insert 
    into
        appointment_slots
        (clinic_id, slot_date, doctor_id, end_time, start_time, status, version) 
    values
        (?, ?, ?, ?, ?, ?, ?)
2026-08-30 12:44:47.049 [http-nio-8083-exec-3] DEBUG org.hibernate.SQL - 
    insert 
    into
        appointment_slots
        (clinic_id, slot_date, doctor_id, end_time, start_time, status, version) 
    values
        (?, ?, ?, ?, ?, ?, ?)
2026-08-30 12:44:47.049 [http-nio-8083-exec-3] DEBUG org.hibernate.SQL - 
    insert 
    into
        appointment_slots
        (clinic_id, slot_date, doctor_id, end_time, start_time, status, version) 
    values
        (?, ?, ?, ?, ?, ?, ?)
2026-08-30 12:44:47.066 [http-nio-8083-exec-3] DEBUG org.hibernate.SQL - 
    insert 
    into
        appointment_slots
        (clinic_id, slot_date, doctor_id, end_time, start_time, status, version) 
    values
        (?, ?, ?, ?, ?, ?, ?)
2026-08-30 12:44:47.066 [http-nio-8083-exec-3] DEBUG org.hibernate.SQL - 
    insert 
    into
        appointment_slots
        (clinic_id, slot_date, doctor_id, end_time, start_time, status, version) 
    values
        (?, ?, ?, ?, ?, ?, ?)
2026-08-30 12:44:47.066 [http-nio-8083-exec-3] DEBUG org.hibernate.SQL - 
    insert 
    into
        appointment_slots
        (clinic_id, slot_date, doctor_id, end_time, start_time, status, version) 
    values
        (?, ?, ?, ?, ?, ?, ?)
2026-08-30 12:44:47.066 [http-nio-8083-exec-3] DEBUG org.hibernate.SQL - 
    insert 
    into
        appointment_slots
        (clinic_id, slot_date, doctor_id, end_time, start_time, status, version) 
    values
        (?, ?, ?, ?, ?, ?, ?)
2026-08-30 12:44:47.081 [http-nio-8083-exec-3] DEBUG org.hibernate.SQL - 
    insert 
    into
        appointment_slots
        (clinic_id, slot_date, doctor_id, end_time, start_time, status, version) 
    values
        (?, ?, ?, ?, ?, ?, ?)
2026-08-30 12:44:47.081 [http-nio-8083-exec-3] DEBUG org.hibernate.SQL - 
    insert 
    into
        appointment_slots
        (clinic_id, slot_date, doctor_id, end_time, start_time, status, version) 
    values
        (?, ?, ?, ?, ?, ?, ?)
2026-08-30 12:44:47.081 [http-nio-8083-exec-3] DEBUG org.hibernate.SQL - 
    insert 
    into
        appointment_slots
        (clinic_id, slot_date, doctor_id, end_time, start_time, status, version) 
    values
        (?, ?, ?, ?, ?, ?, ?)
2026-08-30 12:45:02.027 [http-nio-8083-exec-6] DEBUG org.hibernate.SQL - 
    select
        u1_0.id,
        u1_0.created_at,
        u1_0.email,
        u1_0.enabled,
        u1_0.name,
        u1_0.organization_id,
        u1_0.password,
        u1_0.role 
    from
        users u1_0 
    where
        u1_0.email=?
2026-08-30 12:45:02.033 [http-nio-8083-exec-6] DEBUG org.hibernate.SQL - 
    select
        ca1_0.id,
        ca1_0.clinic_id,
        ca1_0.created_at,
        ca1_0.name,
        ca1_0.organization_id,
        ca1_0.phone,
        ca1_0.user_id 
    from
        clinic_admins ca1_0 
    where
        ca1_0.user_id=?
2026-08-30 12:45:02.039 [http-nio-8083-exec-6] DEBUG org.hibernate.SQL - 
    select
        a1_0.id,
        a1_0.appointment_date,
        a1_0.booked_by_user_id,
        a1_0.clinic_id,
        a1_0.consultation_fee,
        a1_0.created_at,
        a1_0.doctor_id,
        a1_0.end_time,
        a1_0.organization_id,
        a1_0.patient_id,
        a1_0.payment_status,
        a1_0.slot_id,
        a1_0.source,
        a1_0.start_time,
        a1_0.status 
    from
        appointments a1_0 
    where
        a1_0.clinic_id=? 
        and a1_0.appointment_date=? 
    order by
        a1_0.start_time
2026-08-30 12:45:02.049 [http-nio-8083-exec-7] DEBUG org.hibernate.SQL - 
    select
        u1_0.id,
        u1_0.created_at,
        u1_0.email,
        u1_0.enabled,
        u1_0.name,
        u1_0.organization_id,
        u1_0.password,
        u1_0.role 
    from
        users u1_0 
    where
        u1_0.email=?
2026-08-30 12:45:02.058 [http-nio-8083-exec-7] DEBUG org.hibernate.SQL - 
    select
        ca1_0.id,
        ca1_0.clinic_id,
        ca1_0.created_at,
        ca1_0.name,
        ca1_0.organization_id,
        ca1_0.phone,
        ca1_0.user_id 
    from
        clinic_admins ca1_0 
    where
        ca1_0.user_id=?
2026-08-30 12:45:02.064 [http-nio-8083-exec-7] DEBUG org.hibernate.SQL - 
    select
        a1_0.id,
        a1_0.appointment_date,
        a1_0.booked_by_user_id,
        a1_0.clinic_id,
        a1_0.consultation_fee,
        a1_0.created_at,
        a1_0.doctor_id,
        a1_0.end_time,
        a1_0.organization_id,
        a1_0.patient_id,
        a1_0.payment_status,
        a1_0.slot_id,
        a1_0.source,
        a1_0.start_time,
        a1_0.status 
    from
        appointments a1_0 
    where
        a1_0.clinic_id=? 
        and a1_0.appointment_date=? 
    order by
        a1_0.start_time
2026-08-30 12:45:06.791 [http-nio-8083-exec-8] DEBUG org.hibernate.SQL - 
    select
        u1_0.id,
        u1_0.created_at,
        u1_0.email,
        u1_0.enabled,
        u1_0.name,
        u1_0.organization_id,
        u1_0.password,
        u1_0.role 
    from
        users u1_0 
    where
        u1_0.email=?
2026-08-30 12:45:06.803 [http-nio-8083-exec-8] DEBUG org.hibernate.SQL - 
    select
        ca1_0.id,
        ca1_0.clinic_id,
        ca1_0.created_at,
        ca1_0.name,
        ca1_0.organization_id,
        ca1_0.phone,
        ca1_0.user_id 
    from
        clinic_admins ca1_0 
    where
        ca1_0.user_id=?
2026-08-30 12:45:06.803 [http-nio-8083-exec-8] DEBUG org.hibernate.SQL - 
    select
        a1_0.id,
        a1_0.appointment_date,
        a1_0.booked_by_user_id,
        a1_0.clinic_id,
        a1_0.consultation_fee,
        a1_0.created_at,
        a1_0.doctor_id,
        a1_0.end_time,
        a1_0.organization_id,
        a1_0.patient_id,
        a1_0.payment_status,
        a1_0.slot_id,
        a1_0.source,
        a1_0.start_time,
        a1_0.status 
    from
        appointments a1_0 
    where
        a1_0.clinic_id=? 
        and a1_0.appointment_date=? 
    order by
        a1_0.start_time
2026-08-30 12:45:06.803 [http-nio-8083-exec-8] DEBUG org.hibernate.SQL - 
    select
        p1_0.id,
        p1_0.created_by_clinic_admin_id,
        p1_0.dob,
        p1_0.gender,
        p1_0.name,
        p1_0.organization_id,
        p1_0.phone,
        p1_0.user_id 
    from
        patients p1_0 
    where
        p1_0.id=?
2026-08-30 12:45:06.803 [http-nio-8083-exec-8] DEBUG org.hibernate.SQL - 
    select
        d1_0.id,
        d1_0.active,
        d1_0.consultation_fee,
        d1_0.created_at,
        d1_0.dob,
        d1_0.experience_years,
        d1_0.gender,
        d1_0.name,
        d1_0.organization_id,
        d1_0.profile_image_url,
        d1_0.qualification,
        d1_0.user_id 
    from
        doctors d1_0 
    where
        d1_0.id=?
2026-08-30 12:45:06.819 [http-nio-8083-exec-8] DEBUG org.hibernate.SQL - 
    select
        c1_0.id,
        c1_0.active,
        c1_0.address,
        c1_0.city,
        c1_0.clinic_name,
        c1_0.latitude,
        c1_0.longitude,
        c1_0.organization_id,
        c1_0.phone,
        c1_0.pincode 
    from
        clinics c1_0 
    where
        c1_0.id=?
2026-08-30 12:45:20.392 [http-nio-8083-exec-1] DEBUG org.hibernate.SQL - 
    select
        u1_0.id,
        u1_0.created_at,
        u1_0.email,
        u1_0.enabled,
        u1_0.name,
        u1_0.organization_id,
        u1_0.password,
        u1_0.role 
    from
        users u1_0 
    where
        u1_0.email=?
2026-08-30 12:45:20.398 [http-nio-8083-exec-1] DEBUG org.hibernate.SQL - 
    select
        ca1_0.id,
        ca1_0.clinic_id,
        ca1_0.created_at,
        ca1_0.name,
        ca1_0.organization_id,
        ca1_0.phone,
        ca1_0.user_id 
    from
        clinic_admins ca1_0 
    where
        ca1_0.user_id=?
2026-08-30 12:45:20.403 [http-nio-8083-exec-1] DEBUG org.hibernate.SQL - 
    select
        a1_0.id,
        a1_0.appointment_date,
        a1_0.booked_by_user_id,
        a1_0.clinic_id,
        a1_0.consultation_fee,
        a1_0.created_at,
        a1_0.doctor_id,
        a1_0.end_time,
        a1_0.organization_id,
        a1_0.patient_id,
        a1_0.payment_status,
        a1_0.slot_id,
        a1_0.source,
        a1_0.start_time,
        a1_0.status 
    from
        appointments a1_0 
    where
        a1_0.clinic_id=? 
        and a1_0.appointment_date=? 
    order by
        a1_0.start_time
2026-08-30 12:45:25.625 [http-nio-8083-exec-5] DEBUG org.hibernate.SQL - 
    select
        u1_0.id,
        u1_0.created_at,
        u1_0.email,
        u1_0.enabled,
        u1_0.name,
        u1_0.organization_id,
        u1_0.password,
        u1_0.role 
    from
        users u1_0 
    where
        u1_0.email=?
2026-08-30 12:45:25.631 [http-nio-8083-exec-5] DEBUG org.hibernate.SQL - 
    select
        ca1_0.id,
        ca1_0.clinic_id,
        ca1_0.created_at,
        ca1_0.name,
        ca1_0.organization_id,
        ca1_0.phone,
        ca1_0.user_id 
    from
        clinic_admins ca1_0 
    where
        ca1_0.user_id=?
2026-08-30 12:45:25.637 [http-nio-8083-exec-5] DEBUG org.hibernate.SQL - 
    select
        dca1_0.id,
        dca1_0.active,
        dca1_0.assigned_at,
        dca1_0.clinic_id,
        dca1_0.doctor_id 
    from
        doctor_clinic_assignments dca1_0 
    where
        dca1_0.clinic_id=? 
        and dca1_0.active
2026-08-30 12:45:25.639 [http-nio-8083-exec-5] DEBUG org.hibernate.SQL - 
    select
        d1_0.id,
        d1_0.active,
        d1_0.consultation_fee,
        d1_0.created_at,
        d1_0.dob,
        d1_0.experience_years,
        d1_0.gender,
        d1_0.name,
        d1_0.organization_id,
        d1_0.profile_image_url,
        d1_0.qualification,
        d1_0.user_id 
    from
        doctors d1_0 
    where
        d1_0.id=?
2026-08-30 12:45:25.643 [http-nio-8083-exec-5] DEBUG org.hibernate.SQL - 
    select
        dca1_0.id,
        dca1_0.active,
        dca1_0.assigned_at,
        dca1_0.clinic_id,
        dca1_0.doctor_id 
    from
        doctor_clinic_assignments dca1_0 
    where
        dca1_0.doctor_id=? 
        and dca1_0.active
2026-08-30 12:45:25.646 [http-nio-8083-exec-5] DEBUG org.hibernate.SQL - 
    select
        c1_0.id,
        c1_0.active,
        c1_0.address,
        c1_0.city,
        c1_0.clinic_name,
        c1_0.latitude,
        c1_0.longitude,
        c1_0.organization_id,
        c1_0.phone,
        c1_0.pincode 
    from
        clinics c1_0 
    where
        c1_0.id=?
2026-08-30 12:45:25.646 [http-nio-8083-exec-5] DEBUG org.hibernate.SQL - 
    select
        s1_0.doctor_id,
        s1_1.id,
        s1_1.active,
        s1_1.name,
        s1_1.organization_id 
    from
        doctor_specializations s1_0 
    join
        specializations s1_1 
            on s1_1.id=s1_0.specialization_id 
    where
        s1_0.doctor_id=?
2026-08-30 12:45:25.661 [http-nio-8083-exec-4] DEBUG org.hibernate.SQL - 
    select
        u1_0.id,
        u1_0.created_at,
        u1_0.email,
        u1_0.enabled,
        u1_0.name,
        u1_0.organization_id,
        u1_0.password,
        u1_0.role 
    from
        users u1_0 
    where
        u1_0.email=?
2026-08-30 12:45:25.668 [http-nio-8083-exec-4] DEBUG org.hibernate.SQL - 
    select
        ca1_0.id,
        ca1_0.clinic_id,
        ca1_0.created_at,
        ca1_0.name,
        ca1_0.organization_id,
        ca1_0.phone,
        ca1_0.user_id 
    from
        clinic_admins ca1_0 
    where
        ca1_0.user_id=?
2026-08-30 12:45:25.674 [http-nio-8083-exec-4] DEBUG org.hibernate.SQL - 
    select
        dca1_0.id,
        dca1_0.active,
        dca1_0.assigned_at,
        dca1_0.clinic_id,
        dca1_0.doctor_id 
    from
        doctor_clinic_assignments dca1_0 
    where
        dca1_0.clinic_id=? 
        and dca1_0.active
2026-08-30 12:45:25.676 [http-nio-8083-exec-4] DEBUG org.hibernate.SQL - 
    select
        d1_0.id,
        d1_0.active,
        d1_0.consultation_fee,
        d1_0.created_at,
        d1_0.dob,
        d1_0.experience_years,
        d1_0.gender,
        d1_0.name,
        d1_0.organization_id,
        d1_0.profile_image_url,
        d1_0.qualification,
        d1_0.user_id 
    from
        doctors d1_0 
    where
        d1_0.id=?
2026-08-30 12:45:25.679 [http-nio-8083-exec-4] DEBUG org.hibernate.SQL - 
    select
        dca1_0.id,
        dca1_0.active,
        dca1_0.assigned_at,
        dca1_0.clinic_id,
        dca1_0.doctor_id 
    from
        doctor_clinic_assignments dca1_0 
    where
        dca1_0.doctor_id=? 
        and dca1_0.active
2026-08-30 12:45:25.682 [http-nio-8083-exec-4] DEBUG org.hibernate.SQL - 
    select
        c1_0.id,
        c1_0.active,
        c1_0.address,
        c1_0.city,
        c1_0.clinic_name,
        c1_0.latitude,
        c1_0.longitude,
        c1_0.organization_id,
        c1_0.phone,
        c1_0.pincode 
    from
        clinics c1_0 
    where
        c1_0.id=?
2026-08-30 12:45:25.685 [http-nio-8083-exec-4] DEBUG org.hibernate.SQL - 
    select
        s1_0.doctor_id,
        s1_1.id,
        s1_1.active,
        s1_1.name,
        s1_1.organization_id 
    from
        doctor_specializations s1_0 
    join
        specializations s1_1 
            on s1_1.id=s1_0.specialization_id 
    where
        s1_0.doctor_id=?
2026-08-30 12:45:33.577 [http-nio-8083-exec-7] DEBUG org.hibernate.SQL - 
    select
        u1_0.id,
        u1_0.created_at,
        u1_0.email,
        u1_0.enabled,
        u1_0.name,
        u1_0.organization_id,
        u1_0.password,
        u1_0.role 
    from
        users u1_0 
    where
        u1_0.email=?
2026-08-30 12:45:33.582 [http-nio-8083-exec-7] DEBUG org.hibernate.SQL - 
    select
        ca1_0.id,
        ca1_0.clinic_id,
        ca1_0.created_at,
        ca1_0.name,
        ca1_0.organization_id,
        ca1_0.phone,
        ca1_0.user_id 
    from
        clinic_admins ca1_0 
    where
        ca1_0.user_id=?
2026-08-30 12:45:33.586 [http-nio-8083-exec-7] DEBUG org.hibernate.SQL - 
    select
        as1_0.id,
        as1_0.clinic_id,
        as1_0.slot_date,
        as1_0.doctor_id,
        as1_0.end_time,
        as1_0.start_time,
        as1_0.status,
        as1_0.version 
    from
        appointment_slots as1_0 
    where
        as1_0.doctor_id=? 
        and as1_0.clinic_id=? 
        and as1_0.slot_date=? 
    order by
        as1_0.start_time
2026-08-30 12:46:53.516 [http-nio-8083-exec-1] DEBUG org.hibernate.SQL - 
    select
        u1_0.id,
        u1_0.created_at,
        u1_0.email,
        u1_0.enabled,
        u1_0.name,
        u1_0.organization_id,
        u1_0.password,
        u1_0.role 
    from
        users u1_0 
    where
        u1_0.email=?
2026-08-30 12:46:53.604 [http-nio-8083-exec-1] DEBUG org.hibernate.SQL - 
    select
        u1_0.id,
        u1_0.created_at,
        u1_0.email,
        u1_0.enabled,
        u1_0.name,
        u1_0.organization_id,
        u1_0.password,
        u1_0.role 
    from
        users u1_0 
    where
        u1_0.email=?
2026-08-30 12:46:53.608 [http-nio-8083-exec-1] DEBUG org.hibernate.SQL - 
    select
        o1_0.id,
        o1_0.active,
        o1_0.created_at,
        o1_0.name,
        o1_0.slug,
        o1_0.support_phone 
    from
        organizations o1_0 
    where
        o1_0.id=?
2026-08-30 12:46:53.648 [http-nio-8083-exec-2] DEBUG org.hibernate.SQL - 
    select
        u1_0.id,
        u1_0.created_at,
        u1_0.email,
        u1_0.enabled,
        u1_0.name,
        u1_0.organization_id,
        u1_0.password,
        u1_0.role 
    from
        users u1_0 
    where
        u1_0.email=?
2026-08-30 12:46:53.648 [http-nio-8083-exec-7] DEBUG org.hibernate.SQL - 
    select
        u1_0.id,
        u1_0.created_at,
        u1_0.email,
        u1_0.enabled,
        u1_0.name,
        u1_0.organization_id,
        u1_0.password,
        u1_0.role 
    from
        users u1_0 
    where
        u1_0.email=?
2026-08-30 12:46:53.656 [http-nio-8083-exec-2] DEBUG org.hibernate.SQL - 
    select
        c1_0.id,
        c1_0.active,
        c1_0.address,
        c1_0.city,
        c1_0.clinic_name,
        c1_0.latitude,
        c1_0.longitude,
        c1_0.organization_id,
        c1_0.phone,
        c1_0.pincode 
    from
        clinics c1_0 
    where
        c1_0.organization_id=?
2026-08-30 12:46:53.660 [http-nio-8083-exec-7] DEBUG org.hibernate.SQL - 
    select
        c1_0.id,
        c1_0.active,
        c1_0.address,
        c1_0.city,
        c1_0.clinic_name,
        c1_0.latitude,
        c1_0.longitude,
        c1_0.organization_id,
        c1_0.phone,
        c1_0.pincode 
    from
        clinics c1_0 
    where
        c1_0.organization_id=?
2026-08-30 12:46:53.660 [http-nio-8083-exec-2] DEBUG org.hibernate.SQL - 
    select
        ca1_0.id,
        ca1_0.clinic_id,
        ca1_0.created_at,
        ca1_0.name,
        ca1_0.organization_id,
        ca1_0.phone,
        ca1_0.user_id 
    from
        clinic_admins ca1_0 
    where
        ca1_0.clinic_id=?
2026-08-30 12:46:53.664 [http-nio-8083-exec-2] DEBUG org.hibernate.SQL - 
    select
        dca1_0.id,
        dca1_0.active,
        dca1_0.assigned_at,
        dca1_0.clinic_id,
        dca1_0.doctor_id 
    from
        doctor_clinic_assignments dca1_0 
    where
        dca1_0.clinic_id=? 
        and dca1_0.active
2026-08-30 12:46:53.669 [http-nio-8083-exec-7] DEBUG org.hibernate.SQL - 
    select
        a1_0.id,
        a1_0.appointment_date,
        a1_0.booked_by_user_id,
        a1_0.clinic_id,
        a1_0.consultation_fee,
        a1_0.created_at,
        a1_0.doctor_id,
        a1_0.end_time,
        a1_0.organization_id,
        a1_0.patient_id,
        a1_0.payment_status,
        a1_0.slot_id,
        a1_0.source,
        a1_0.start_time,
        a1_0.status 
    from
        appointments a1_0 
    where
        a1_0.organization_id=? 
        and a1_0.appointment_date between ? and ?
2026-08-30 12:46:53.674 [http-nio-8083-exec-7] DEBUG org.hibernate.SQL - 
    select
        d1_0.id,
        d1_0.active,
        d1_0.consultation_fee,
        d1_0.created_at,
        d1_0.dob,
        d1_0.experience_years,
        d1_0.gender,
        d1_0.name,
        d1_0.organization_id,
        d1_0.profile_image_url,
        d1_0.qualification,
        d1_0.user_id 
    from
        doctors d1_0 
    where
        d1_0.organization_id=?
2026-08-30 12:46:53.676 [http-nio-8083-exec-9] DEBUG org.hibernate.SQL - 
    select
        u1_0.id,
        u1_0.created_at,
        u1_0.email,
        u1_0.enabled,
        u1_0.name,
        u1_0.organization_id,
        u1_0.password,
        u1_0.role 
    from
        users u1_0 
    where
        u1_0.email=?
2026-08-30 12:46:53.679 [http-nio-8083-exec-7] DEBUG org.hibernate.SQL - 
    select
        da1_0.id,
        da1_0.active,
        da1_0.clinic_id,
        da1_0.day_of_week,
        da1_0.doctor_id,
        da1_0.end_time,
        da1_0.slot_duration_minutes,
        da1_0.start_time 
    from
        doctor_availability da1_0 
    where
        da1_0.doctor_id=? 
    order by
        da1_0.day_of_week,
        da1_0.start_time
2026-08-30 12:46:53.679 [http-nio-8083-exec-9] DEBUG org.hibernate.SQL - 
    select
        c1_0.id,
        c1_0.active,
        c1_0.address,
        c1_0.city,
        c1_0.clinic_name,
        c1_0.latitude,
        c1_0.longitude,
        c1_0.organization_id,
        c1_0.phone,
        c1_0.pincode 
    from
        clinics c1_0 
    where
        c1_0.organization_id=?
2026-08-30 12:46:53.682 [http-nio-8083-exec-9] DEBUG org.hibernate.SQL - 
    select
        ca1_0.id,
        ca1_0.clinic_id,
        ca1_0.created_at,
        ca1_0.name,
        ca1_0.organization_id,
        ca1_0.phone,
        ca1_0.user_id 
    from
        clinic_admins ca1_0 
    where
        ca1_0.clinic_id=?
2026-08-30 12:46:53.684 [http-nio-8083-exec-7] DEBUG org.hibernate.SQL - 
    select
        as1_0.id,
        as1_0.clinic_id,
        as1_0.slot_date,
        as1_0.doctor_id,
        as1_0.end_time,
        as1_0.start_time,
        as1_0.status,
        as1_0.version 
    from
        appointment_slots as1_0 
    where
        as1_0.doctor_id=? 
        and as1_0.clinic_id=? 
        and as1_0.slot_date=? 
    order by
        as1_0.start_time
2026-08-30 12:46:53.686 [http-nio-8083-exec-9] DEBUG org.hibernate.SQL - 
    select
        dca1_0.id,
        dca1_0.active,
        dca1_0.assigned_at,
        dca1_0.clinic_id,
        dca1_0.doctor_id 
    from
        doctor_clinic_assignments dca1_0 
    where
        dca1_0.clinic_id=? 
        and dca1_0.active
2026-08-30 12:46:53.693 [http-nio-8083-exec-7] DEBUG org.hibernate.SQL - 
    select
        d1_0.id,
        d1_0.active,
        d1_0.consultation_fee,
        d1_0.created_at,
        d1_0.dob,
        d1_0.experience_years,
        d1_0.gender,
        d1_0.name,
        d1_0.organization_id,
        d1_0.profile_image_url,
        d1_0.qualification,
        d1_0.user_id 
    from
        doctors d1_0 
    where
        d1_0.organization_id=? 
        and d1_0.active
2026-08-30 12:46:53.703 [http-nio-8083-exec-8] DEBUG org.hibernate.SQL - 
    select
        u1_0.id,
        u1_0.created_at,
        u1_0.email,
        u1_0.enabled,
        u1_0.name,
        u1_0.organization_id,
        u1_0.password,
        u1_0.role 
    from
        users u1_0 
    where
        u1_0.email=?
2026-08-30 12:46:53.709 [http-nio-8083-exec-8] DEBUG org.hibernate.SQL - 
    select
        c1_0.id,
        c1_0.active,
        c1_0.address,
        c1_0.city,
        c1_0.clinic_name,
        c1_0.latitude,
        c1_0.longitude,
        c1_0.organization_id,
        c1_0.phone,
        c1_0.pincode 
    from
        clinics c1_0 
    where
        c1_0.organization_id=?
2026-08-30 12:46:53.713 [http-nio-8083-exec-8] DEBUG org.hibernate.SQL - 
    select
        a1_0.id,
        a1_0.appointment_date,
        a1_0.booked_by_user_id,
        a1_0.clinic_id,
        a1_0.consultation_fee,
        a1_0.created_at,
        a1_0.doctor_id,
        a1_0.end_time,
        a1_0.organization_id,
        a1_0.patient_id,
        a1_0.payment_status,
        a1_0.slot_id,
        a1_0.source,
        a1_0.start_time,
        a1_0.status 
    from
        appointments a1_0 
    where
        a1_0.organization_id=? 
        and a1_0.appointment_date between ? and ?
2026-08-30 12:46:53.718 [http-nio-8083-exec-8] DEBUG org.hibernate.SQL - 
    select
        d1_0.id,
        d1_0.active,
        d1_0.consultation_fee,
        d1_0.created_at,
        d1_0.dob,
        d1_0.experience_years,
        d1_0.gender,
        d1_0.name,
        d1_0.organization_id,
        d1_0.profile_image_url,
        d1_0.qualification,
        d1_0.user_id 
    from
        doctors d1_0 
    where
        d1_0.organization_id=?
2026-08-30 12:46:53.722 [http-nio-8083-exec-8] DEBUG org.hibernate.SQL - 
    select
        da1_0.id,
        da1_0.active,
        da1_0.clinic_id,
        da1_0.day_of_week,
        da1_0.doctor_id,
        da1_0.end_time,
        da1_0.slot_duration_minutes,
        da1_0.start_time 
    from
        doctor_availability da1_0 
    where
        da1_0.doctor_id=? 
    order by
        da1_0.day_of_week,
        da1_0.start_time
2026-08-30 12:46:53.728 [http-nio-8083-exec-8] DEBUG org.hibernate.SQL - 
    select
        as1_0.id,
        as1_0.clinic_id,
        as1_0.slot_date,
        as1_0.doctor_id,
        as1_0.end_time,
        as1_0.start_time,
        as1_0.status,
        as1_0.version 
    from
        appointment_slots as1_0 
    where
        as1_0.doctor_id=? 
        and as1_0.clinic_id=? 
        and as1_0.slot_date=? 
    order by
        as1_0.start_time
2026-08-30 12:46:53.737 [http-nio-8083-exec-8] DEBUG org.hibernate.SQL - 
    select
        d1_0.id,
        d1_0.active,
        d1_0.consultation_fee,
        d1_0.created_at,
        d1_0.dob,
        d1_0.experience_years,
        d1_0.gender,
        d1_0.name,
        d1_0.organization_id,
        d1_0.profile_image_url,
        d1_0.qualification,
        d1_0.user_id 
    from
        doctors d1_0 
    where
        d1_0.organization_id=? 
        and d1_0.active
2026-08-30 12:47:02.449 [http-nio-8083-exec-1] DEBUG org.hibernate.SQL - 
    select
        u1_0.id,
        u1_0.created_at,
        u1_0.email,
        u1_0.enabled,
        u1_0.name,
        u1_0.organization_id,
        u1_0.password,
        u1_0.role 
    from
        users u1_0 
    where
        u1_0.email=?
2026-08-30 12:47:02.454 [http-nio-8083-exec-1] DEBUG org.hibernate.SQL - 
    select
        c1_0.id,
        c1_0.active,
        c1_0.address,
        c1_0.city,
        c1_0.clinic_name,
        c1_0.latitude,
        c1_0.longitude,
        c1_0.organization_id,
        c1_0.phone,
        c1_0.pincode 
    from
        clinics c1_0 
    where
        c1_0.organization_id=?
2026-08-30 12:47:02.462 [http-nio-8083-exec-1] DEBUG org.hibernate.SQL - 
    select
        a1_0.id,
        a1_0.appointment_date,
        a1_0.booked_by_user_id,
        a1_0.clinic_id,
        a1_0.consultation_fee,
        a1_0.created_at,
        a1_0.doctor_id,
        a1_0.end_time,
        a1_0.organization_id,
        a1_0.patient_id,
        a1_0.payment_status,
        a1_0.slot_id,
        a1_0.source,
        a1_0.start_time,
        a1_0.status 
    from
        appointments a1_0 
    where
        a1_0.organization_id=? 
        and a1_0.appointment_date between ? and ?
2026-08-30 12:47:02.465 [http-nio-8083-exec-1] DEBUG org.hibernate.SQL - 
    select
        d1_0.id,
        d1_0.active,
        d1_0.consultation_fee,
        d1_0.created_at,
        d1_0.dob,
        d1_0.experience_years,
        d1_0.gender,
        d1_0.name,
        d1_0.organization_id,
        d1_0.profile_image_url,
        d1_0.qualification,
        d1_0.user_id 
    from
        doctors d1_0 
    where
        d1_0.organization_id=?
2026-08-30 12:47:02.469 [http-nio-8083-exec-1] DEBUG org.hibernate.SQL - 
    select
        da1_0.id,
        da1_0.active,
        da1_0.clinic_id,
        da1_0.day_of_week,
        da1_0.doctor_id,
        da1_0.end_time,
        da1_0.slot_duration_minutes,
        da1_0.start_time 
    from
        doctor_availability da1_0 
    where
        da1_0.doctor_id=? 
    order by
        da1_0.day_of_week,
        da1_0.start_time
2026-08-30 12:47:02.473 [http-nio-8083-exec-1] DEBUG org.hibernate.SQL - 
    select
        as1_0.id,
        as1_0.clinic_id,
        as1_0.slot_date,
        as1_0.doctor_id,
        as1_0.end_time,
        as1_0.start_time,
        as1_0.status,
        as1_0.version 
    from
        appointment_slots as1_0 
    where
        as1_0.doctor_id=? 
        and as1_0.clinic_id=? 
        and as1_0.slot_date=? 
    order by
        as1_0.start_time
2026-08-30 12:47:02.479 [http-nio-8083-exec-1] DEBUG org.hibernate.SQL - 
    select
        as1_0.id,
        as1_0.clinic_id,
        as1_0.slot_date,
        as1_0.doctor_id,
        as1_0.end_time,
        as1_0.start_time,
        as1_0.status,
        as1_0.version 
    from
        appointment_slots as1_0 
    where
        as1_0.doctor_id=? 
        and as1_0.clinic_id=? 
        and as1_0.slot_date=? 
    order by
        as1_0.start_time
2026-08-30 12:47:02.484 [http-nio-8083-exec-1] DEBUG org.hibernate.SQL - 
    select
        d1_0.id,
        d1_0.active,
        d1_0.consultation_fee,
        d1_0.created_at,
        d1_0.dob,
        d1_0.experience_years,
        d1_0.gender,
        d1_0.name,
        d1_0.organization_id,
        d1_0.profile_image_url,
        d1_0.qualification,
        d1_0.user_id 
    from
        doctors d1_0 
    where
        d1_0.organization_id=? 
        and d1_0.active
2026-08-30 12:47:12.175 [http-nio-8083-exec-4] DEBUG org.hibernate.SQL - 
    select
        u1_0.id,
        u1_0.created_at,
        u1_0.email,
        u1_0.enabled,
        u1_0.name,
        u1_0.organization_id,
        u1_0.password,
        u1_0.role 
    from
        users u1_0 
    where
        u1_0.email=?
2026-08-30 12:47:12.187 [http-nio-8083-exec-4] DEBUG org.hibernate.SQL - 
    select
        c1_0.id,
        c1_0.active,
        c1_0.address,
        c1_0.city,
        c1_0.clinic_name,
        c1_0.latitude,
        c1_0.longitude,
        c1_0.organization_id,
        c1_0.phone,
        c1_0.pincode 
    from
        clinics c1_0 
    where
        c1_0.organization_id=?
2026-08-30 12:47:12.190 [http-nio-8083-exec-4] DEBUG org.hibernate.SQL - 
    select
        ca1_0.id,
        ca1_0.clinic_id,
        ca1_0.created_at,
        ca1_0.name,
        ca1_0.organization_id,
        ca1_0.phone,
        ca1_0.user_id 
    from
        clinic_admins ca1_0 
    where
        ca1_0.clinic_id=?
2026-08-30 12:47:12.190 [http-nio-8083-exec-4] DEBUG org.hibernate.SQL - 
    select
        dca1_0.id,
        dca1_0.active,
        dca1_0.assigned_at,
        dca1_0.clinic_id,
        dca1_0.doctor_id 
    from
        doctor_clinic_assignments dca1_0 
    where
        dca1_0.clinic_id=? 
        and dca1_0.active
2026-08-30 12:47:12.204 [http-nio-8083-exec-6] DEBUG org.hibernate.SQL - 
    select
        u1_0.id,
        u1_0.created_at,
        u1_0.email,
        u1_0.enabled,
        u1_0.name,
        u1_0.organization_id,
        u1_0.password,
        u1_0.role 
    from
        users u1_0 
    where
        u1_0.email=?
2026-08-30 12:47:12.210 [http-nio-8083-exec-6] DEBUG org.hibernate.SQL - 
    select
        c1_0.id,
        c1_0.active,
        c1_0.address,
        c1_0.city,
        c1_0.clinic_name,
        c1_0.latitude,
        c1_0.longitude,
        c1_0.organization_id,
        c1_0.phone,
        c1_0.pincode 
    from
        clinics c1_0 
    where
        c1_0.organization_id=?
2026-08-30 12:47:12.214 [http-nio-8083-exec-6] DEBUG org.hibernate.SQL - 
    select
        ca1_0.id,
        ca1_0.clinic_id,
        ca1_0.created_at,
        ca1_0.name,
        ca1_0.organization_id,
        ca1_0.phone,
        ca1_0.user_id 
    from
        clinic_admins ca1_0 
    where
        ca1_0.clinic_id=?
2026-08-30 12:47:12.218 [http-nio-8083-exec-6] DEBUG org.hibernate.SQL - 
    select
        dca1_0.id,
        dca1_0.active,
        dca1_0.assigned_at,
        dca1_0.clinic_id,
        dca1_0.doctor_id 
    from
        doctor_clinic_assignments dca1_0 
    where
        dca1_0.clinic_id=? 
        and dca1_0.active
2026-08-30 12:48:25.241 [http-nio-8083-exec-1] DEBUG org.hibernate.SQL - 
    select
        u1_0.id,
        u1_0.created_at,
        u1_0.email,
        u1_0.enabled,
        u1_0.name,
        u1_0.organization_id,
        u1_0.password,
        u1_0.role 
    from
        users u1_0 
    where
        u1_0.email=?
2026-08-30 12:48:25.252 [http-nio-8083-exec-1] DEBUG org.hibernate.SQL - 
    select
        u1_0.id,
        u1_0.created_at,
        u1_0.email,
        u1_0.enabled,
        u1_0.name,
        u1_0.organization_id,
        u1_0.password,
        u1_0.role 
    from
        users u1_0 
    where
        u1_0.email=?
2026-08-30 12:48:25.336 [http-nio-8083-exec-1] DEBUG org.hibernate.SQL - 
    select
        u1_0.id,
        u1_0.created_at,
        u1_0.email,
        u1_0.enabled,
        u1_0.name,
        u1_0.organization_id,
        u1_0.password,
        u1_0.role 
    from
        users u1_0 
    where
        u1_0.email=?
2026-08-30 12:48:25.339 [http-nio-8083-exec-1] DEBUG org.hibernate.SQL - 
    select
        o1_0.id,
        o1_0.active,
        o1_0.created_at,
        o1_0.name,
        o1_0.slug,
        o1_0.support_phone 
    from
        organizations o1_0 
    where
        o1_0.id=?
2026-08-30 12:48:25.385 [http-nio-8083-exec-2] DEBUG org.hibernate.SQL - 
    select
        u1_0.id,
        u1_0.created_at,
        u1_0.email,
        u1_0.enabled,
        u1_0.name,
        u1_0.organization_id,
        u1_0.password,
        u1_0.role 
    from
        users u1_0 
    where
        u1_0.email=?
2026-08-30 12:48:25.385 [http-nio-8083-exec-6] DEBUG org.hibernate.SQL - 
    select
        u1_0.id,
        u1_0.created_at,
        u1_0.email,
        u1_0.enabled,
        u1_0.name,
        u1_0.organization_id,
        u1_0.password,
        u1_0.role 
    from
        users u1_0 
    where
        u1_0.email=?
2026-08-30 12:48:25.389 [http-nio-8083-exec-6] DEBUG org.hibernate.SQL - 
    select
        c1_0.id,
        c1_0.active,
        c1_0.address,
        c1_0.city,
        c1_0.clinic_name,
        c1_0.latitude,
        c1_0.longitude,
        c1_0.organization_id,
        c1_0.phone,
        c1_0.pincode 
    from
        clinics c1_0 
    where
        c1_0.organization_id=?
2026-08-30 12:48:25.391 [http-nio-8083-exec-2] DEBUG org.hibernate.SQL - 
    select
        c1_0.id,
        c1_0.active,
        c1_0.address,
        c1_0.city,
        c1_0.clinic_name,
        c1_0.latitude,
        c1_0.longitude,
        c1_0.organization_id,
        c1_0.phone,
        c1_0.pincode 
    from
        clinics c1_0 
    where
        c1_0.organization_id=?
2026-08-30 12:48:25.392 [http-nio-8083-exec-6] DEBUG org.hibernate.SQL - 
    select
        ca1_0.id,
        ca1_0.clinic_id,
        ca1_0.created_at,
        ca1_0.name,
        ca1_0.organization_id,
        ca1_0.phone,
        ca1_0.user_id 
    from
        clinic_admins ca1_0 
    where
        ca1_0.clinic_id=?
2026-08-30 12:48:25.394 [http-nio-8083-exec-2] DEBUG org.hibernate.SQL - 
    select
        a1_0.id,
        a1_0.appointment_date,
        a1_0.booked_by_user_id,
        a1_0.clinic_id,
        a1_0.consultation_fee,
        a1_0.created_at,
        a1_0.doctor_id,
        a1_0.end_time,
        a1_0.organization_id,
        a1_0.patient_id,
        a1_0.payment_status,
        a1_0.slot_id,
        a1_0.source,
        a1_0.start_time,
        a1_0.status 
    from
        appointments a1_0 
    where
        a1_0.organization_id=? 
        and a1_0.appointment_date between ? and ?
2026-08-30 12:48:25.396 [http-nio-8083-exec-6] DEBUG org.hibernate.SQL - 
    select
        dca1_0.id,
        dca1_0.active,
        dca1_0.assigned_at,
        dca1_0.clinic_id,
        dca1_0.doctor_id 
    from
        doctor_clinic_assignments dca1_0 
    where
        dca1_0.clinic_id=? 
        and dca1_0.active
2026-08-30 12:48:25.397 [http-nio-8083-exec-2] DEBUG org.hibernate.SQL - 
    select
        d1_0.id,
        d1_0.active,
        d1_0.consultation_fee,
        d1_0.created_at,
        d1_0.dob,
        d1_0.experience_years,
        d1_0.gender,
        d1_0.name,
        d1_0.organization_id,
        d1_0.profile_image_url,
        d1_0.qualification,
        d1_0.user_id 
    from
        doctors d1_0 
    where
        d1_0.organization_id=?
2026-08-30 12:48:25.401 [http-nio-8083-exec-2] DEBUG org.hibernate.SQL - 
    select
        da1_0.id,
        da1_0.active,
        da1_0.clinic_id,
        da1_0.day_of_week,
        da1_0.doctor_id,
        da1_0.end_time,
        da1_0.slot_duration_minutes,
        da1_0.start_time 
    from
        doctor_availability da1_0 
    where
        da1_0.doctor_id=? 
    order by
        da1_0.day_of_week,
        da1_0.start_time
2026-08-30 12:48:25.405 [http-nio-8083-exec-2] DEBUG org.hibernate.SQL - 
    select
        as1_0.id,
        as1_0.clinic_id,
        as1_0.slot_date,
        as1_0.doctor_id,
        as1_0.end_time,
        as1_0.start_time,
        as1_0.status,
        as1_0.version 
    from
        appointment_slots as1_0 
    where
        as1_0.doctor_id=? 
        and as1_0.clinic_id=? 
        and as1_0.slot_date=? 
    order by
        as1_0.start_time
2026-08-30 12:48:25.408 [http-nio-8083-exec-9] DEBUG org.hibernate.SQL - 
    select
        u1_0.id,
        u1_0.created_at,
        u1_0.email,
        u1_0.enabled,
        u1_0.name,
        u1_0.organization_id,
        u1_0.password,
        u1_0.role 
    from
        users u1_0 
    where
        u1_0.email=?
2026-08-30 12:48:25.410 [http-nio-8083-exec-2] DEBUG org.hibernate.SQL - 
    select
        d1_0.id,
        d1_0.active,
        d1_0.consultation_fee,
        d1_0.created_at,
        d1_0.dob,
        d1_0.experience_years,
        d1_0.gender,
        d1_0.name,
        d1_0.organization_id,
        d1_0.profile_image_url,
        d1_0.qualification,
        d1_0.user_id 
    from
        doctors d1_0 
    where
        d1_0.organization_id=? 
        and d1_0.active
2026-08-30 12:48:25.412 [http-nio-8083-exec-9] DEBUG org.hibernate.SQL - 
    select
        c1_0.id,
        c1_0.active,
        c1_0.address,
        c1_0.city,
        c1_0.clinic_name,
        c1_0.latitude,
        c1_0.longitude,
        c1_0.organization_id,
        c1_0.phone,
        c1_0.pincode 
    from
        clinics c1_0 
    where
        c1_0.organization_id=?
2026-08-30 12:48:25.415 [http-nio-8083-exec-9] DEBUG org.hibernate.SQL - 
    select
        ca1_0.id,
        ca1_0.clinic_id,
        ca1_0.created_at,
        ca1_0.name,
        ca1_0.organization_id,
        ca1_0.phone,
        ca1_0.user_id 
    from
        clinic_admins ca1_0 
    where
        ca1_0.clinic_id=?
2026-08-30 12:48:25.420 [http-nio-8083-exec-9] DEBUG org.hibernate.SQL - 
    select
        dca1_0.id,
        dca1_0.active,
        dca1_0.assigned_at,
        dca1_0.clinic_id,
        dca1_0.doctor_id 
    from
        doctor_clinic_assignments dca1_0 
    where
        dca1_0.clinic_id=? 
        and dca1_0.active
2026-08-30 12:48:25.423 [http-nio-8083-exec-7] DEBUG org.hibernate.SQL - 
    select
        u1_0.id,
        u1_0.created_at,
        u1_0.email,
        u1_0.enabled,
        u1_0.name,
        u1_0.organization_id,
        u1_0.password,
        u1_0.role 
    from
        users u1_0 
    where
        u1_0.email=?
2026-08-30 12:48:25.428 [http-nio-8083-exec-7] DEBUG org.hibernate.SQL - 
    select
        c1_0.id,
        c1_0.active,
        c1_0.address,
        c1_0.city,
        c1_0.clinic_name,
        c1_0.latitude,
        c1_0.longitude,
        c1_0.organization_id,
        c1_0.phone,
        c1_0.pincode 
    from
        clinics c1_0 
    where
        c1_0.organization_id=?
2026-08-30 12:48:25.433 [http-nio-8083-exec-7] DEBUG org.hibernate.SQL - 
    select
        a1_0.id,
        a1_0.appointment_date,
        a1_0.booked_by_user_id,
        a1_0.clinic_id,
        a1_0.consultation_fee,
        a1_0.created_at,
        a1_0.doctor_id,
        a1_0.end_time,
        a1_0.organization_id,
        a1_0.patient_id,
        a1_0.payment_status,
        a1_0.slot_id,
        a1_0.source,
        a1_0.start_time,
        a1_0.status 
    from
        appointments a1_0 
    where
        a1_0.organization_id=? 
        and a1_0.appointment_date between ? and ?
2026-08-30 12:48:25.436 [http-nio-8083-exec-7] DEBUG org.hibernate.SQL - 
    select
        d1_0.id,
        d1_0.active,
        d1_0.consultation_fee,
        d1_0.created_at,
        d1_0.dob,
        d1_0.experience_years,
        d1_0.gender,
        d1_0.name,
        d1_0.organization_id,
        d1_0.profile_image_url,
        d1_0.qualification,
        d1_0.user_id 
    from
        doctors d1_0 
    where
        d1_0.organization_id=?
2026-08-30 12:48:25.439 [http-nio-8083-exec-7] DEBUG org.hibernate.SQL - 
    select
        da1_0.id,
        da1_0.active,
        da1_0.clinic_id,
        da1_0.day_of_week,
        da1_0.doctor_id,
        da1_0.end_time,
        da1_0.slot_duration_minutes,
        da1_0.start_time 
    from
        doctor_availability da1_0 
    where
        da1_0.doctor_id=? 
    order by
        da1_0.day_of_week,
        da1_0.start_time
2026-08-30 12:48:25.443 [http-nio-8083-exec-7] DEBUG org.hibernate.SQL - 
    select
        as1_0.id,
        as1_0.clinic_id,
        as1_0.slot_date,
        as1_0.doctor_id,
        as1_0.end_time,
        as1_0.start_time,
        as1_0.status,
        as1_0.version 
    from
        appointment_slots as1_0 
    where
        as1_0.doctor_id=? 
        and as1_0.clinic_id=? 
        and as1_0.slot_date=? 
    order by
        as1_0.start_time
2026-08-30 12:48:25.451 [http-nio-8083-exec-7] DEBUG org.hibernate.SQL - 
    select
        d1_0.id,
        d1_0.active,
        d1_0.consultation_fee,
        d1_0.created_at,
        d1_0.dob,
        d1_0.experience_years,
        d1_0.gender,
        d1_0.name,
        d1_0.organization_id,
        d1_0.profile_image_url,
        d1_0.qualification,
        d1_0.user_id 
    from
        doctors d1_0 
    where
        d1_0.organization_id=? 
        and d1_0.active
2026-08-30 12:48:30.843 [http-nio-8083-exec-1] DEBUG org.hibernate.SQL - 
    select
        u1_0.id,
        u1_0.created_at,
        u1_0.email,
        u1_0.enabled,
        u1_0.name,
        u1_0.organization_id,
        u1_0.password,
        u1_0.role 
    from
        users u1_0 
    where
        u1_0.email=?
2026-08-30 12:48:30.843 [http-nio-8083-exec-1] DEBUG org.hibernate.SQL - 
    select
        c1_0.id,
        c1_0.active,
        c1_0.address,
        c1_0.city,
        c1_0.clinic_name,
        c1_0.latitude,
        c1_0.longitude,
        c1_0.organization_id,
        c1_0.phone,
        c1_0.pincode 
    from
        clinics c1_0 
    where
        c1_0.organization_id=?
2026-08-30 12:48:30.843 [http-nio-8083-exec-1] DEBUG org.hibernate.SQL - 
    select
        ca1_0.id,
        ca1_0.clinic_id,
        ca1_0.created_at,
        ca1_0.name,
        ca1_0.organization_id,
        ca1_0.phone,
        ca1_0.user_id 
    from
        clinic_admins ca1_0 
    where
        ca1_0.clinic_id=?
2026-08-30 12:48:30.858 [http-nio-8083-exec-1] DEBUG org.hibernate.SQL - 
    select
        dca1_0.id,
        dca1_0.active,
        dca1_0.assigned_at,
        dca1_0.clinic_id,
        dca1_0.doctor_id 
    from
        doctor_clinic_assignments dca1_0 
    where
        dca1_0.clinic_id=? 
        and dca1_0.active
2026-08-30 12:48:30.860 [http-nio-8083-exec-5] DEBUG org.hibernate.SQL - 
    select
        u1_0.id,
        u1_0.created_at,
        u1_0.email,
        u1_0.enabled,
        u1_0.name,
        u1_0.organization_id,
        u1_0.password,
        u1_0.role 
    from
        users u1_0 
    where
        u1_0.email=?
2026-08-30 12:48:30.860 [http-nio-8083-exec-5] DEBUG org.hibernate.SQL - 
    select
        c1_0.id,
        c1_0.active,
        c1_0.address,
        c1_0.city,
        c1_0.clinic_name,
        c1_0.latitude,
        c1_0.longitude,
        c1_0.organization_id,
        c1_0.phone,
        c1_0.pincode 
    from
        clinics c1_0 
    where
        c1_0.organization_id=?
2026-08-30 12:48:30.876 [http-nio-8083-exec-5] DEBUG org.hibernate.SQL - 
    select
        ca1_0.id,
        ca1_0.clinic_id,
        ca1_0.created_at,
        ca1_0.name,
        ca1_0.organization_id,
        ca1_0.phone,
        ca1_0.user_id 
    from
        clinic_admins ca1_0 
    where
        ca1_0.clinic_id=?
2026-08-30 12:48:30.876 [http-nio-8083-exec-5] DEBUG org.hibernate.SQL - 
    select
        dca1_0.id,
        dca1_0.active,
        dca1_0.assigned_at,
        dca1_0.clinic_id,
        dca1_0.doctor_id 
    from
        doctor_clinic_assignments dca1_0 
    where
        dca1_0.clinic_id=? 
        and dca1_0.active
2026-08-30 12:55:27.980 [http-nio-8083-exec-9] DEBUG org.hibernate.SQL - 
    select
        u1_0.id,
        u1_0.created_at,
        u1_0.email,
        u1_0.enabled,
        u1_0.name,
        u1_0.organization_id,
        u1_0.password,
        u1_0.role 
    from
        users u1_0 
    where
        u1_0.email=?
2026-08-30 12:55:27.987 [http-nio-8083-exec-9] DEBUG org.hibernate.SQL - 
    insert 
    into
        clinics
        (active, address, city, clinic_name, latitude, longitude, organization_id, phone, pincode) 
    values
        (?, ?, ?, ?, ?, ?, ?, ?, ?)
2026-08-30 12:55:28.002 [http-nio-8083-exec-9] DEBUG org.hibernate.SQL - 
    select
        ca1_0.id,
        ca1_0.clinic_id,
        ca1_0.created_at,
        ca1_0.name,
        ca1_0.organization_id,
        ca1_0.phone,
        ca1_0.user_id 
    from
        clinic_admins ca1_0 
    where
        ca1_0.clinic_id=?
2026-08-30 12:55:28.002 [http-nio-8083-exec-9] DEBUG org.hibernate.SQL - 
    select
        dca1_0.id,
        dca1_0.active,
        dca1_0.assigned_at,
        dca1_0.clinic_id,
        dca1_0.doctor_id 
    from
        doctor_clinic_assignments dca1_0 
    where
        dca1_0.clinic_id=? 
        and dca1_0.active
2026-08-30 12:55:28.018 [http-nio-8083-exec-7] DEBUG org.hibernate.SQL - 
    select
        u1_0.id,
        u1_0.created_at,
        u1_0.email,
        u1_0.enabled,
        u1_0.name,
        u1_0.organization_id,
        u1_0.password,
        u1_0.role 
    from
        users u1_0 
    where
        u1_0.email=?
2026-08-30 12:55:28.022 [http-nio-8083-exec-7] DEBUG org.hibernate.SQL - 
    select
        c1_0.id,
        c1_0.active,
        c1_0.address,
        c1_0.city,
        c1_0.clinic_name,
        c1_0.latitude,
        c1_0.longitude,
        c1_0.organization_id,
        c1_0.phone,
        c1_0.pincode 
    from
        clinics c1_0 
    where
        c1_0.organization_id=?
2026-08-30 12:55:28.022 [http-nio-8083-exec-7] DEBUG org.hibernate.SQL - 
    select
        ca1_0.id,
        ca1_0.clinic_id,
        ca1_0.created_at,
        ca1_0.name,
        ca1_0.organization_id,
        ca1_0.phone,
        ca1_0.user_id 
    from
        clinic_admins ca1_0 
    where
        ca1_0.clinic_id=?
2026-08-30 12:55:28.022 [http-nio-8083-exec-7] DEBUG org.hibernate.SQL - 
    select
        dca1_0.id,
        dca1_0.active,
        dca1_0.assigned_at,
        dca1_0.clinic_id,
        dca1_0.doctor_id 
    from
        doctor_clinic_assignments dca1_0 
    where
        dca1_0.clinic_id=? 
        and dca1_0.active
2026-08-30 12:55:28.022 [http-nio-8083-exec-7] DEBUG org.hibernate.SQL - 
    select
        ca1_0.id,
        ca1_0.clinic_id,
        ca1_0.created_at,
        ca1_0.name,
        ca1_0.organization_id,
        ca1_0.phone,
        ca1_0.user_id 
    from
        clinic_admins ca1_0 
    where
        ca1_0.clinic_id=?
2026-08-30 12:55:28.022 [http-nio-8083-exec-7] DEBUG org.hibernate.SQL - 
    select
        dca1_0.id,
        dca1_0.active,
        dca1_0.assigned_at,
        dca1_0.clinic_id,
        dca1_0.doctor_id 
    from
        doctor_clinic_assignments dca1_0 
    where
        dca1_0.clinic_id=? 
        and dca1_0.active
2026-08-30 12:56:15.662 [http-nio-8083-exec-10] DEBUG org.hibernate.SQL - 
    select
        u1_0.id,
        u1_0.created_at,
        u1_0.email,
        u1_0.enabled,
        u1_0.name,
        u1_0.organization_id,
        u1_0.password,
        u1_0.role 
    from
        users u1_0 
    where
        u1_0.email=?
2026-08-30 12:56:15.671 [http-nio-8083-exec-10] DEBUG org.hibernate.SQL - 
    select
        c1_0.id,
        c1_0.active,
        c1_0.address,
        c1_0.city,
        c1_0.clinic_name,
        c1_0.latitude,
        c1_0.longitude,
        c1_0.organization_id,
        c1_0.phone,
        c1_0.pincode 
    from
        clinics c1_0 
    where
        c1_0.id=?
2026-08-30 12:56:15.674 [http-nio-8083-exec-10] DEBUG org.hibernate.SQL - 
    select
        ca1_0.id,
        ca1_0.clinic_id,
        ca1_0.created_at,
        ca1_0.name,
        ca1_0.organization_id,
        ca1_0.phone,
        ca1_0.user_id 
    from
        clinic_admins ca1_0 
    where
        ca1_0.clinic_id=?
2026-08-30 12:56:15.676 [http-nio-8083-exec-10] DEBUG org.hibernate.SQL - 
    select
        u1_0.id 
    from
        users u1_0 
    where
        u1_0.email=? 
    limit
        ?
2026-08-30 12:56:15.760 [http-nio-8083-exec-10] DEBUG org.hibernate.SQL - 
    insert 
    into
        users
        (created_at, email, enabled, name, organization_id, password, role) 
    values
        (?, ?, ?, ?, ?, ?, ?)
2026-08-30 12:56:15.760 [http-nio-8083-exec-10] DEBUG org.hibernate.SQL - 
    insert 
    into
        clinic_admins
        (clinic_id, created_at, name, organization_id, phone, user_id) 
    values
        (?, ?, ?, ?, ?, ?)
2026-08-30 12:56:15.778 [http-nio-8083-exec-5] DEBUG org.hibernate.SQL - 
    select
        u1_0.id,
        u1_0.created_at,
        u1_0.email,
        u1_0.enabled,
        u1_0.name,
        u1_0.organization_id,
        u1_0.password,
        u1_0.role 
    from
        users u1_0 
    where
        u1_0.email=?
2026-08-30 12:56:15.794 [http-nio-8083-exec-5] DEBUG org.hibernate.SQL - 
    select
        c1_0.id,
        c1_0.active,
        c1_0.address,
        c1_0.city,
        c1_0.clinic_name,
        c1_0.latitude,
        c1_0.longitude,
        c1_0.organization_id,
        c1_0.phone,
        c1_0.pincode 
    from
        clinics c1_0 
    where
        c1_0.organization_id=?
2026-08-30 12:56:15.795 [http-nio-8083-exec-5] DEBUG org.hibernate.SQL - 
    select
        ca1_0.id,
        ca1_0.clinic_id,
        ca1_0.created_at,
        ca1_0.name,
        ca1_0.organization_id,
        ca1_0.phone,
        ca1_0.user_id 
    from
        clinic_admins ca1_0 
    where
        ca1_0.clinic_id=?
2026-08-30 12:56:15.795 [http-nio-8083-exec-5] DEBUG org.hibernate.SQL - 
    select
        dca1_0.id,
        dca1_0.active,
        dca1_0.assigned_at,
        dca1_0.clinic_id,
        dca1_0.doctor_id 
    from
        doctor_clinic_assignments dca1_0 
    where
        dca1_0.clinic_id=? 
        and dca1_0.active
2026-08-30 12:56:15.795 [http-nio-8083-exec-5] DEBUG org.hibernate.SQL - 
    select
        ca1_0.id,
        ca1_0.clinic_id,
        ca1_0.created_at,
        ca1_0.name,
        ca1_0.organization_id,
        ca1_0.phone,
        ca1_0.user_id 
    from
        clinic_admins ca1_0 
    where
        ca1_0.clinic_id=?
2026-08-30 12:56:15.795 [http-nio-8083-exec-5] DEBUG org.hibernate.SQL - 
    select
        dca1_0.id,
        dca1_0.active,
        dca1_0.assigned_at,
        dca1_0.clinic_id,
        dca1_0.doctor_id 
    from
        doctor_clinic_assignments dca1_0 
    where
        dca1_0.clinic_id=? 
        and dca1_0.active
2026-08-30 12:56:22.973 [http-nio-8083-exec-10] DEBUG org.hibernate.SQL - 
    select
        u1_0.id,
        u1_0.created_at,
        u1_0.email,
        u1_0.enabled,
        u1_0.name,
        u1_0.organization_id,
        u1_0.password,
        u1_0.role 
    from
        users u1_0 
    where
        u1_0.email=?
2026-08-30 12:56:22.973 [http-nio-8083-exec-7] DEBUG org.hibernate.SQL - 
    select
        u1_0.id,
        u1_0.created_at,
        u1_0.email,
        u1_0.enabled,
        u1_0.name,
        u1_0.organization_id,
        u1_0.password,
        u1_0.role 
    from
        users u1_0 
    where
        u1_0.email=?
2026-08-30 12:56:22.973 [http-nio-8083-exec-1] DEBUG org.hibernate.SQL - 
    select
        u1_0.id,
        u1_0.created_at,
        u1_0.email,
        u1_0.enabled,
        u1_0.name,
        u1_0.organization_id,
        u1_0.password,
        u1_0.role 
    from
        users u1_0 
    where
        u1_0.email=?
2026-08-30 12:56:22.978 [http-nio-8083-exec-7] DEBUG org.hibernate.SQL - 
    select
        d1_0.id,
        d1_0.active,
        d1_0.consultation_fee,
        d1_0.created_at,
        d1_0.dob,
        d1_0.experience_years,
        d1_0.gender,
        d1_0.name,
        d1_0.organization_id,
        d1_0.profile_image_url,
        d1_0.qualification,
        d1_0.user_id 
    from
        doctors d1_0 
    where
        d1_0.organization_id=?
2026-08-30 12:56:22.978 [http-nio-8083-exec-10] DEBUG org.hibernate.SQL - 
    select
        s1_0.id,
        s1_0.active,
        s1_0.name,
        s1_0.organization_id 
    from
        specializations s1_0 
    where
        s1_0.organization_id=?
2026-08-30 12:56:22.981 [http-nio-8083-exec-7] DEBUG org.hibernate.SQL - 
    select
        dca1_0.id,
        dca1_0.active,
        dca1_0.assigned_at,
        dca1_0.clinic_id,
        dca1_0.doctor_id 
    from
        doctor_clinic_assignments dca1_0 
    where
        dca1_0.doctor_id=? 
        and dca1_0.active
2026-08-30 12:56:22.981 [http-nio-8083-exec-1] DEBUG org.hibernate.SQL - 
    select
        c1_0.id,
        c1_0.active,
        c1_0.address,
        c1_0.city,
        c1_0.clinic_name,
        c1_0.latitude,
        c1_0.longitude,
        c1_0.organization_id,
        c1_0.phone,
        c1_0.pincode 
    from
        clinics c1_0 
    where
        c1_0.organization_id=?
2026-08-30 12:56:22.983 [http-nio-8083-exec-7] DEBUG org.hibernate.SQL - 
    select
        c1_0.id,
        c1_0.active,
        c1_0.address,
        c1_0.city,
        c1_0.clinic_name,
        c1_0.latitude,
        c1_0.longitude,
        c1_0.organization_id,
        c1_0.phone,
        c1_0.pincode 
    from
        clinics c1_0 
    where
        c1_0.id=?
2026-08-30 12:56:22.985 [http-nio-8083-exec-7] DEBUG org.hibernate.SQL - 
    select
        s1_0.doctor_id,
        s1_1.id,
        s1_1.active,
        s1_1.name,
        s1_1.organization_id 
    from
        doctor_specializations s1_0 
    join
        specializations s1_1 
            on s1_1.id=s1_0.specialization_id 
    where
        s1_0.doctor_id=?
2026-08-30 12:56:22.986 [http-nio-8083-exec-1] DEBUG org.hibernate.SQL - 
    select
        ca1_0.id,
        ca1_0.clinic_id,
        ca1_0.created_at,
        ca1_0.name,
        ca1_0.organization_id,
        ca1_0.phone,
        ca1_0.user_id 
    from
        clinic_admins ca1_0 
    where
        ca1_0.clinic_id=?
2026-08-30 12:56:22.989 [http-nio-8083-exec-5] DEBUG org.hibernate.SQL - 
    select
        u1_0.id,
        u1_0.created_at,
        u1_0.email,
        u1_0.enabled,
        u1_0.name,
        u1_0.organization_id,
        u1_0.password,
        u1_0.role 
    from
        users u1_0 
    where
        u1_0.email=?
2026-08-30 12:56:22.990 [http-nio-8083-exec-1] DEBUG org.hibernate.SQL - 
    select
        dca1_0.id,
        dca1_0.active,
        dca1_0.assigned_at,
        dca1_0.clinic_id,
        dca1_0.doctor_id 
    from
        doctor_clinic_assignments dca1_0 
    where
        dca1_0.clinic_id=? 
        and dca1_0.active
2026-08-30 12:56:22.993 [http-nio-8083-exec-5] DEBUG org.hibernate.SQL - 
    select
        s1_0.id,
        s1_0.active,
        s1_0.name,
        s1_0.organization_id 
    from
        specializations s1_0 
    where
        s1_0.organization_id=?
2026-08-30 12:56:22.996 [http-nio-8083-exec-1] DEBUG org.hibernate.SQL - 
    select
        ca1_0.id,
        ca1_0.clinic_id,
        ca1_0.created_at,
        ca1_0.name,
        ca1_0.organization_id,
        ca1_0.phone,
        ca1_0.user_id 
    from
        clinic_admins ca1_0 
    where
        ca1_0.clinic_id=?
2026-08-30 12:56:22.998 [http-nio-8083-exec-2] DEBUG org.hibernate.SQL - 
    select
        u1_0.id,
        u1_0.created_at,
        u1_0.email,
        u1_0.enabled,
        u1_0.name,
        u1_0.organization_id,
        u1_0.password,
        u1_0.role 
    from
        users u1_0 
    where
        u1_0.email=?
2026-08-30 12:56:23.000 [http-nio-8083-exec-1] DEBUG org.hibernate.SQL - 
    select
        dca1_0.id,
        dca1_0.active,
        dca1_0.assigned_at,
        dca1_0.clinic_id,
        dca1_0.doctor_id 
    from
        doctor_clinic_assignments dca1_0 
    where
        dca1_0.clinic_id=? 
        and dca1_0.active
2026-08-30 12:56:23.002 [http-nio-8083-exec-2] DEBUG org.hibernate.SQL - 
    select
        d1_0.id,
        d1_0.active,
        d1_0.consultation_fee,
        d1_0.created_at,
        d1_0.dob,
        d1_0.experience_years,
        d1_0.gender,
        d1_0.name,
        d1_0.organization_id,
        d1_0.profile_image_url,
        d1_0.qualification,
        d1_0.user_id 
    from
        doctors d1_0 
    where
        d1_0.organization_id=?
2026-08-30 12:56:23.008 [http-nio-8083-exec-2] DEBUG org.hibernate.SQL - 
    select
        dca1_0.id,
        dca1_0.active,
        dca1_0.assigned_at,
        dca1_0.clinic_id,
        dca1_0.doctor_id 
    from
        doctor_clinic_assignments dca1_0 
    where
        dca1_0.doctor_id=? 
        and dca1_0.active
2026-08-30 12:56:23.008 [http-nio-8083-exec-2] DEBUG org.hibernate.SQL - 
    select
        c1_0.id,
        c1_0.active,
        c1_0.address,
        c1_0.city,
        c1_0.clinic_name,
        c1_0.latitude,
        c1_0.longitude,
        c1_0.organization_id,
        c1_0.phone,
        c1_0.pincode 
    from
        clinics c1_0 
    where
        c1_0.id=?
2026-08-30 12:56:23.008 [http-nio-8083-exec-2] DEBUG org.hibernate.SQL - 
    select
        s1_0.doctor_id,
        s1_1.id,
        s1_1.active,
        s1_1.name,
        s1_1.organization_id 
    from
        doctor_specializations s1_0 
    join
        specializations s1_1 
            on s1_1.id=s1_0.specialization_id 
    where
        s1_0.doctor_id=?
2026-08-30 12:56:23.008 [http-nio-8083-exec-3] DEBUG org.hibernate.SQL - 
    select
        u1_0.id,
        u1_0.created_at,
        u1_0.email,
        u1_0.enabled,
        u1_0.name,
        u1_0.organization_id,
        u1_0.password,
        u1_0.role 
    from
        users u1_0 
    where
        u1_0.email=?
2026-08-30 12:56:23.020 [http-nio-8083-exec-3] DEBUG org.hibernate.SQL - 
    select
        c1_0.id,
        c1_0.active,
        c1_0.address,
        c1_0.city,
        c1_0.clinic_name,
        c1_0.latitude,
        c1_0.longitude,
        c1_0.organization_id,
        c1_0.phone,
        c1_0.pincode 
    from
        clinics c1_0 
    where
        c1_0.organization_id=?
2026-08-30 12:56:23.025 [http-nio-8083-exec-3] DEBUG org.hibernate.SQL - 
    select
        ca1_0.id,
        ca1_0.clinic_id,
        ca1_0.created_at,
        ca1_0.name,
        ca1_0.organization_id,
        ca1_0.phone,
        ca1_0.user_id 
    from
        clinic_admins ca1_0 
    where
        ca1_0.clinic_id=?
2026-08-30 12:56:23.026 [http-nio-8083-exec-3] DEBUG org.hibernate.SQL - 
    select
        dca1_0.id,
        dca1_0.active,
        dca1_0.assigned_at,
        dca1_0.clinic_id,
        dca1_0.doctor_id 
    from
        doctor_clinic_assignments dca1_0 
    where
        dca1_0.clinic_id=? 
        and dca1_0.active
2026-08-30 12:56:23.026 [http-nio-8083-exec-3] DEBUG org.hibernate.SQL - 
    select
        ca1_0.id,
        ca1_0.clinic_id,
        ca1_0.created_at,
        ca1_0.name,
        ca1_0.organization_id,
        ca1_0.phone,
        ca1_0.user_id 
    from
        clinic_admins ca1_0 
    where
        ca1_0.clinic_id=?
2026-08-30 12:56:23.026 [http-nio-8083-exec-3] DEBUG org.hibernate.SQL - 
    select
        dca1_0.id,
        dca1_0.active,
        dca1_0.assigned_at,
        dca1_0.clinic_id,
        dca1_0.doctor_id 
    from
        doctor_clinic_assignments dca1_0 
    where
        dca1_0.clinic_id=? 
        and dca1_0.active
2026-08-30 12:56:32.428 [http-nio-8083-exec-6] DEBUG org.hibernate.SQL - 
    select
        u1_0.id,
        u1_0.created_at,
        u1_0.email,
        u1_0.enabled,
        u1_0.name,
        u1_0.organization_id,
        u1_0.password,
        u1_0.role 
    from
        users u1_0 
    where
        u1_0.email=?
2026-08-30 12:56:32.430 [http-nio-8083-exec-6] DEBUG org.hibernate.SQL - 
    select
        d1_0.id,
        d1_0.active,
        d1_0.consultation_fee,
        d1_0.created_at,
        d1_0.dob,
        d1_0.experience_years,
        d1_0.gender,
        d1_0.name,
        d1_0.organization_id,
        d1_0.profile_image_url,
        d1_0.qualification,
        d1_0.user_id 
    from
        doctors d1_0 
    where
        d1_0.id=?
2026-08-30 12:56:32.430 [http-nio-8083-exec-6] DEBUG org.hibernate.SQL - 
    select
        c1_0.id,
        c1_0.active,
        c1_0.address,
        c1_0.city,
        c1_0.clinic_name,
        c1_0.latitude,
        c1_0.longitude,
        c1_0.organization_id,
        c1_0.phone,
        c1_0.pincode 
    from
        clinics c1_0 
    where
        c1_0.id=?
2026-08-30 12:56:32.430 [http-nio-8083-exec-6] DEBUG org.hibernate.SQL - 
    select
        dca1_0.id,
        dca1_0.active,
        dca1_0.assigned_at,
        dca1_0.clinic_id,
        dca1_0.doctor_id 
    from
        doctor_clinic_assignments dca1_0 
    where
        dca1_0.doctor_id=? 
        and dca1_0.clinic_id=?
2026-08-30 12:56:32.430 [http-nio-8083-exec-6] DEBUG org.hibernate.SQL - 
    insert 
    into
        doctor_clinic_assignments
        (active, assigned_at, clinic_id, doctor_id) 
    values
        (?, ?, ?, ?)
2026-08-30 12:56:32.464 [http-nio-8083-exec-7] DEBUG org.hibernate.SQL - 
    select
        u1_0.id,
        u1_0.created_at,
        u1_0.email,
        u1_0.enabled,
        u1_0.name,
        u1_0.organization_id,
        u1_0.password,
        u1_0.role 
    from
        users u1_0 
    where
        u1_0.email=?
2026-08-30 12:56:32.464 [http-nio-8083-exec-5] DEBUG org.hibernate.SQL - 
    select
        u1_0.id,
        u1_0.created_at,
        u1_0.email,
        u1_0.enabled,
        u1_0.name,
        u1_0.organization_id,
        u1_0.password,
        u1_0.role 
    from
        users u1_0 
    where
        u1_0.email=?
2026-08-30 12:56:32.464 [http-nio-8083-exec-1] DEBUG org.hibernate.SQL - 
    select
        u1_0.id,
        u1_0.created_at,
        u1_0.email,
        u1_0.enabled,
        u1_0.name,
        u1_0.organization_id,
        u1_0.password,
        u1_0.role 
    from
        users u1_0 
    where
        u1_0.email=?
2026-08-30 12:56:32.467 [http-nio-8083-exec-7] DEBUG org.hibernate.SQL - 
    select
        s1_0.id,
        s1_0.active,
        s1_0.name,
        s1_0.organization_id 
    from
        specializations s1_0 
    where
        s1_0.organization_id=?
2026-08-30 12:56:32.467 [http-nio-8083-exec-1] DEBUG org.hibernate.SQL - 
    select
        c1_0.id,
        c1_0.active,
        c1_0.address,
        c1_0.city,
        c1_0.clinic_name,
        c1_0.latitude,
        c1_0.longitude,
        c1_0.organization_id,
        c1_0.phone,
        c1_0.pincode 
    from
        clinics c1_0 
    where
        c1_0.organization_id=?
2026-08-30 12:56:32.467 [http-nio-8083-exec-5] DEBUG org.hibernate.SQL - 
    select
        d1_0.id,
        d1_0.active,
        d1_0.consultation_fee,
        d1_0.created_at,
        d1_0.dob,
        d1_0.experience_years,
        d1_0.gender,
        d1_0.name,
        d1_0.organization_id,
        d1_0.profile_image_url,
        d1_0.qualification,
        d1_0.user_id 
    from
        doctors d1_0 
    where
        d1_0.organization_id=?
2026-08-30 12:56:32.469 [http-nio-8083-exec-1] DEBUG org.hibernate.SQL - 
    select
        ca1_0.id,
        ca1_0.clinic_id,
        ca1_0.created_at,
        ca1_0.name,
        ca1_0.organization_id,
        ca1_0.phone,
        ca1_0.user_id 
    from
        clinic_admins ca1_0 
    where
        ca1_0.clinic_id=?
2026-08-30 12:56:32.469 [http-nio-8083-exec-5] DEBUG org.hibernate.SQL - 
    select
        dca1_0.id,
        dca1_0.active,
        dca1_0.assigned_at,
        dca1_0.clinic_id,
        dca1_0.doctor_id 
    from
        doctor_clinic_assignments dca1_0 
    where
        dca1_0.doctor_id=? 
        and dca1_0.active
2026-08-30 12:56:32.470 [http-nio-8083-exec-5] DEBUG org.hibernate.SQL - 
    select
        c1_0.id,
        c1_0.active,
        c1_0.address,
        c1_0.city,
        c1_0.clinic_name,
        c1_0.latitude,
        c1_0.longitude,
        c1_0.organization_id,
        c1_0.phone,
        c1_0.pincode 
    from
        clinics c1_0 
    where
        c1_0.id=?
2026-08-30 12:56:32.471 [http-nio-8083-exec-1] DEBUG org.hibernate.SQL - 
    select
        dca1_0.id,
        dca1_0.active,
        dca1_0.assigned_at,
        dca1_0.clinic_id,
        dca1_0.doctor_id 
    from
        doctor_clinic_assignments dca1_0 
    where
        dca1_0.clinic_id=? 
        and dca1_0.active
2026-08-30 12:56:32.471 [http-nio-8083-exec-5] DEBUG org.hibernate.SQL - 
    select
        c1_0.id,
        c1_0.active,
        c1_0.address,
        c1_0.city,
        c1_0.clinic_name,
        c1_0.latitude,
        c1_0.longitude,
        c1_0.organization_id,
        c1_0.phone,
        c1_0.pincode 
    from
        clinics c1_0 
    where
        c1_0.id=?
2026-08-30 12:56:32.472 [http-nio-8083-exec-5] DEBUG org.hibernate.SQL - 
    select
        s1_0.doctor_id,
        s1_1.id,
        s1_1.active,
        s1_1.name,
        s1_1.organization_id 
    from
        doctor_specializations s1_0 
    join
        specializations s1_1 
            on s1_1.id=s1_0.specialization_id 
    where
        s1_0.doctor_id=?
2026-08-30 12:56:32.473 [http-nio-8083-exec-1] DEBUG org.hibernate.SQL - 
    select
        ca1_0.id,
        ca1_0.clinic_id,
        ca1_0.created_at,
        ca1_0.name,
        ca1_0.organization_id,
        ca1_0.phone,
        ca1_0.user_id 
    from
        clinic_admins ca1_0 
    where
        ca1_0.clinic_id=?
2026-08-30 12:56:32.475 [http-nio-8083-exec-1] DEBUG org.hibernate.SQL - 
    select
        dca1_0.id,
        dca1_0.active,
        dca1_0.assigned_at,
        dca1_0.clinic_id,
        dca1_0.doctor_id 
    from
        doctor_clinic_assignments dca1_0 
    where
        dca1_0.clinic_id=? 
        and dca1_0.active
2026-08-30 12:56:45.303 [http-nio-8083-exec-4] DEBUG org.hibernate.SQL - 
    select
        u1_0.id,
        u1_0.created_at,
        u1_0.email,
        u1_0.enabled,
        u1_0.name,
        u1_0.organization_id,
        u1_0.password,
        u1_0.role 
    from
        users u1_0 
    where
        u1_0.email=?
2026-08-30 12:56:45.303 [http-nio-8083-exec-4] DEBUG org.hibernate.SQL - 
    select
        s1_0.id,
        s1_0.active,
        s1_0.name,
        s1_0.organization_id 
    from
        specializations s1_0 
    where
        s1_0.organization_id=?
2026-08-30 12:56:45.319 [http-nio-8083-exec-6] DEBUG org.hibernate.SQL - 
    select
        u1_0.id,
        u1_0.created_at,
        u1_0.email,
        u1_0.enabled,
        u1_0.name,
        u1_0.organization_id,
        u1_0.password,
        u1_0.role 
    from
        users u1_0 
    where
        u1_0.email=?
2026-08-30 12:56:45.323 [http-nio-8083-exec-6] DEBUG org.hibernate.SQL - 
    select
        s1_0.id,
        s1_0.active,
        s1_0.name,
        s1_0.organization_id 
    from
        specializations s1_0 
    where
        s1_0.organization_id=?
2026-08-30 12:56:53.936 [http-nio-8083-exec-10] DEBUG org.hibernate.SQL - 
    select
        u1_0.id,
        u1_0.created_at,
        u1_0.email,
        u1_0.enabled,
        u1_0.name,
        u1_0.organization_id,
        u1_0.password,
        u1_0.role 
    from
        users u1_0 
    where
        u1_0.email=?
2026-08-30 12:56:53.941 [http-nio-8083-exec-10] DEBUG org.hibernate.SQL - 
    select
        ca1_0.id,
        ca1_0.clinic_id,
        ca1_0.created_at,
        ca1_0.name,
        ca1_0.organization_id,
        ca1_0.phone,
        ca1_0.user_id 
    from
        clinic_admins ca1_0 
    where
        ca1_0.organization_id=?
2026-08-30 12:56:53.945 [http-nio-8083-exec-10] DEBUG org.hibernate.SQL - 
    select
        c1_0.id,
        c1_0.active,
        c1_0.address,
        c1_0.city,
        c1_0.clinic_name,
        c1_0.latitude,
        c1_0.longitude,
        c1_0.organization_id,
        c1_0.phone,
        c1_0.pincode 
    from
        clinics c1_0 
    where
        c1_0.id=?
2026-08-30 12:56:53.948 [http-nio-8083-exec-10] DEBUG org.hibernate.SQL - 
    select
        ep1_0.id,
        ep1_0.current_address,
        ep1_0.date_of_joining,
        ep1_0.dob,
        ep1_0.gender,
        ep1_0.organization_id,
        ep1_0.permanent_address,
        ep1_0.user_id 
    from
        employee_profiles ep1_0 
    where
        ep1_0.user_id=?
2026-08-30 12:56:53.951 [http-nio-8083-exec-10] DEBUG org.hibernate.SQL - 
    select
        ep1_0.id,
        ep1_0.current_address,
        ep1_0.date_of_joining,
        ep1_0.dob,
        ep1_0.gender,
        ep1_0.organization_id,
        ep1_0.permanent_address,
        ep1_0.user_id 
    from
        employee_profiles ep1_0 
    where
        ep1_0.user_id=?
2026-08-30 12:56:53.954 [http-nio-8083-exec-10] DEBUG org.hibernate.SQL - 
    select
        sr1_0.id,
        sr1_0.amount,
        sr1_0.created_at,
        sr1_0.effective_from,
        sr1_0.employee_profile_id 
    from
        salary_records sr1_0 
    where
        sr1_0.employee_profile_id=? 
    order by
        sr1_0.effective_from desc
2026-08-30 12:56:53.959 [http-nio-8083-exec-10] DEBUG org.hibernate.SQL - 
    select
        c1_0.id,
        c1_0.active,
        c1_0.address,
        c1_0.city,
        c1_0.clinic_name,
        c1_0.latitude,
        c1_0.longitude,
        c1_0.organization_id,
        c1_0.phone,
        c1_0.pincode 
    from
        clinics c1_0 
    where
        c1_0.id=?
2026-08-30 12:56:53.961 [http-nio-8083-exec-10] DEBUG org.hibernate.SQL - 
    select
        ep1_0.id,
        ep1_0.current_address,
        ep1_0.date_of_joining,
        ep1_0.dob,
        ep1_0.gender,
        ep1_0.organization_id,
        ep1_0.permanent_address,
        ep1_0.user_id 
    from
        employee_profiles ep1_0 
    where
        ep1_0.user_id=?
2026-08-30 12:56:53.963 [http-nio-8083-exec-10] DEBUG org.hibernate.SQL - 
    select
        ep1_0.id,
        ep1_0.current_address,
        ep1_0.date_of_joining,
        ep1_0.dob,
        ep1_0.gender,
        ep1_0.organization_id,
        ep1_0.permanent_address,
        ep1_0.user_id 
    from
        employee_profiles ep1_0 
    where
        ep1_0.user_id=?
2026-08-30 12:56:53.966 [http-nio-8083-exec-10] DEBUG org.hibernate.SQL - 
    select
        d1_0.id,
        d1_0.active,
        d1_0.consultation_fee,
        d1_0.created_at,
        d1_0.dob,
        d1_0.experience_years,
        d1_0.gender,
        d1_0.name,
        d1_0.organization_id,
        d1_0.profile_image_url,
        d1_0.qualification,
        d1_0.user_id 
    from
        doctors d1_0 
    where
        d1_0.organization_id=?
2026-08-30 12:56:53.968 [http-nio-8083-exec-10] DEBUG org.hibernate.SQL - 
    select
        dca1_0.id,
        dca1_0.active,
        dca1_0.assigned_at,
        dca1_0.clinic_id,
        dca1_0.doctor_id 
    from
        doctor_clinic_assignments dca1_0 
    where
        dca1_0.doctor_id=? 
        and dca1_0.active
2026-08-30 12:56:53.971 [http-nio-8083-exec-10] DEBUG org.hibernate.SQL - 
    select
        ep1_0.id,
        ep1_0.current_address,
        ep1_0.date_of_joining,
        ep1_0.dob,
        ep1_0.gender,
        ep1_0.organization_id,
        ep1_0.permanent_address,
        ep1_0.user_id 
    from
        employee_profiles ep1_0 
    where
        ep1_0.user_id=?
2026-08-30 12:56:53.973 [http-nio-8083-exec-10] DEBUG org.hibernate.SQL - 
    select
        ep1_0.id,
        ep1_0.current_address,
        ep1_0.date_of_joining,
        ep1_0.dob,
        ep1_0.gender,
        ep1_0.organization_id,
        ep1_0.permanent_address,
        ep1_0.user_id 
    from
        employee_profiles ep1_0 
    where
        ep1_0.user_id=?
2026-08-30 12:56:53.983 [http-nio-8083-exec-7] DEBUG org.hibernate.SQL - 
    select
        u1_0.id,
        u1_0.created_at,
        u1_0.email,
        u1_0.enabled,
        u1_0.name,
        u1_0.organization_id,
        u1_0.password,
        u1_0.role 
    from
        users u1_0 
    where
        u1_0.email=?
2026-08-30 12:56:53.987 [http-nio-8083-exec-7] DEBUG org.hibernate.SQL - 
    select
        ca1_0.id,
        ca1_0.clinic_id,
        ca1_0.created_at,
        ca1_0.name,
        ca1_0.organization_id,
        ca1_0.phone,
        ca1_0.user_id 
    from
        clinic_admins ca1_0 
    where
        ca1_0.organization_id=?
2026-08-30 12:56:53.988 [http-nio-8083-exec-7] DEBUG org.hibernate.SQL - 
    select
        c1_0.id,
        c1_0.active,
        c1_0.address,
        c1_0.city,
        c1_0.clinic_name,
        c1_0.latitude,
        c1_0.longitude,
        c1_0.organization_id,
        c1_0.phone,
        c1_0.pincode 
    from
        clinics c1_0 
    where
        c1_0.id=?
2026-08-30 12:56:53.990 [http-nio-8083-exec-7] DEBUG org.hibernate.SQL - 
    select
        ep1_0.id,
        ep1_0.current_address,
        ep1_0.date_of_joining,
        ep1_0.dob,
        ep1_0.gender,
        ep1_0.organization_id,
        ep1_0.permanent_address,
        ep1_0.user_id 
    from
        employee_profiles ep1_0 
    where
        ep1_0.user_id=?
2026-08-30 12:56:53.994 [http-nio-8083-exec-7] DEBUG org.hibernate.SQL - 
    select
        ep1_0.id,
        ep1_0.current_address,
        ep1_0.date_of_joining,
        ep1_0.dob,
        ep1_0.gender,
        ep1_0.organization_id,
        ep1_0.permanent_address,
        ep1_0.user_id 
    from
        employee_profiles ep1_0 
    where
        ep1_0.user_id=?
2026-08-30 12:56:53.997 [http-nio-8083-exec-7] DEBUG org.hibernate.SQL - 
    select
        sr1_0.id,
        sr1_0.amount,
        sr1_0.created_at,
        sr1_0.effective_from,
        sr1_0.employee_profile_id 
    from
        salary_records sr1_0 
    where
        sr1_0.employee_profile_id=? 
    order by
        sr1_0.effective_from desc
2026-08-30 12:56:54.000 [http-nio-8083-exec-7] DEBUG org.hibernate.SQL - 
    select
        c1_0.id,
        c1_0.active,
        c1_0.address,
        c1_0.city,
        c1_0.clinic_name,
        c1_0.latitude,
        c1_0.longitude,
        c1_0.organization_id,
        c1_0.phone,
        c1_0.pincode 
    from
        clinics c1_0 
    where
        c1_0.id=?
2026-08-30 12:56:54.002 [http-nio-8083-exec-7] DEBUG org.hibernate.SQL - 
    select
        ep1_0.id,
        ep1_0.current_address,
        ep1_0.date_of_joining,
        ep1_0.dob,
        ep1_0.gender,
        ep1_0.organization_id,
        ep1_0.permanent_address,
        ep1_0.user_id 
    from
        employee_profiles ep1_0 
    where
        ep1_0.user_id=?
2026-08-30 12:56:54.005 [http-nio-8083-exec-7] DEBUG org.hibernate.SQL - 
    select
        ep1_0.id,
        ep1_0.current_address,
        ep1_0.date_of_joining,
        ep1_0.dob,
        ep1_0.gender,
        ep1_0.organization_id,
        ep1_0.permanent_address,
        ep1_0.user_id 
    from
        employee_profiles ep1_0 
    where
        ep1_0.user_id=?
2026-08-30 12:56:54.008 [http-nio-8083-exec-7] DEBUG org.hibernate.SQL - 
    select
        d1_0.id,
        d1_0.active,
        d1_0.consultation_fee,
        d1_0.created_at,
        d1_0.dob,
        d1_0.experience_years,
        d1_0.gender,
        d1_0.name,
        d1_0.organization_id,
        d1_0.profile_image_url,
        d1_0.qualification,
        d1_0.user_id 
    from
        doctors d1_0 
    where
        d1_0.organization_id=?
2026-08-30 12:56:54.011 [http-nio-8083-exec-7] DEBUG org.hibernate.SQL - 
    select
        dca1_0.id,
        dca1_0.active,
        dca1_0.assigned_at,
        dca1_0.clinic_id,
        dca1_0.doctor_id 
    from
        doctor_clinic_assignments dca1_0 
    where
        dca1_0.doctor_id=? 
        and dca1_0.active
2026-08-30 12:56:54.013 [http-nio-8083-exec-7] DEBUG org.hibernate.SQL - 
    select
        ep1_0.id,
        ep1_0.current_address,
        ep1_0.date_of_joining,
        ep1_0.dob,
        ep1_0.gender,
        ep1_0.organization_id,
        ep1_0.permanent_address,
        ep1_0.user_id 
    from
        employee_profiles ep1_0 
    where
        ep1_0.user_id=?
2026-08-30 12:56:54.015 [http-nio-8083-exec-7] DEBUG org.hibernate.SQL - 
    select
        ep1_0.id,
        ep1_0.current_address,
        ep1_0.date_of_joining,
        ep1_0.dob,
        ep1_0.gender,
        ep1_0.organization_id,
        ep1_0.permanent_address,
        ep1_0.user_id 
    from
        employee_profiles ep1_0 
    where
        ep1_0.user_id=?
2026-08-30 12:57:07.266 [http-nio-8083-exec-2] DEBUG org.hibernate.SQL - 
    select
        u1_0.id,
        u1_0.created_at,
        u1_0.email,
        u1_0.enabled,
        u1_0.name,
        u1_0.organization_id,
        u1_0.password,
        u1_0.role 
    from
        users u1_0 
    where
        u1_0.email=?
2026-08-30 12:57:07.272 [http-nio-8083-exec-2] DEBUG org.hibernate.SQL - 
    select
        u1_0.id,
        u1_0.created_at,
        u1_0.email,
        u1_0.enabled,
        u1_0.name,
        u1_0.organization_id,
        u1_0.password,
        u1_0.role 
    from
        users u1_0 
    where
        u1_0.id=?
2026-08-30 12:57:07.275 [http-nio-8083-exec-2] DEBUG org.hibernate.SQL - 
    select
        ep1_0.id,
        ep1_0.current_address,
        ep1_0.date_of_joining,
        ep1_0.dob,
        ep1_0.gender,
        ep1_0.organization_id,
        ep1_0.permanent_address,
        ep1_0.user_id 
    from
        employee_profiles ep1_0 
    where
        ep1_0.user_id=?
2026-08-30 12:57:07.277 [http-nio-8083-exec-2] DEBUG org.hibernate.SQL - 
    select
        ca1_0.id,
        ca1_0.clinic_id,
        ca1_0.created_at,
        ca1_0.name,
        ca1_0.organization_id,
        ca1_0.phone,
        ca1_0.user_id 
    from
        clinic_admins ca1_0 
    where
        ca1_0.user_id=?
2026-08-30 12:57:07.279 [http-nio-8083-exec-2] DEBUG org.hibernate.SQL - 
    select
        c1_0.id,
        c1_0.active,
        c1_0.address,
        c1_0.city,
        c1_0.clinic_name,
        c1_0.latitude,
        c1_0.longitude,
        c1_0.organization_id,
        c1_0.phone,
        c1_0.pincode 
    from
        clinics c1_0 
    where
        c1_0.id=?
2026-08-30 12:57:07.290 [http-nio-8083-exec-3] DEBUG org.hibernate.SQL - 
    select
        u1_0.id,
        u1_0.created_at,
        u1_0.email,
        u1_0.enabled,
        u1_0.name,
        u1_0.organization_id,
        u1_0.password,
        u1_0.role 
    from
        users u1_0 
    where
        u1_0.email=?
2026-08-30 12:57:07.294 [http-nio-8083-exec-3] DEBUG org.hibernate.SQL - 
    select
        u1_0.id,
        u1_0.created_at,
        u1_0.email,
        u1_0.enabled,
        u1_0.name,
        u1_0.organization_id,
        u1_0.password,
        u1_0.role 
    from
        users u1_0 
    where
        u1_0.id=?
2026-08-30 12:57:07.296 [http-nio-8083-exec-3] DEBUG org.hibernate.SQL - 
    select
        ep1_0.id,
        ep1_0.current_address,
        ep1_0.date_of_joining,
        ep1_0.dob,
        ep1_0.gender,
        ep1_0.organization_id,
        ep1_0.permanent_address,
        ep1_0.user_id 
    from
        employee_profiles ep1_0 
    where
        ep1_0.user_id=?
2026-08-30 12:57:07.298 [http-nio-8083-exec-3] DEBUG org.hibernate.SQL - 
    select
        ca1_0.id,
        ca1_0.clinic_id,
        ca1_0.created_at,
        ca1_0.name,
        ca1_0.organization_id,
        ca1_0.phone,
        ca1_0.user_id 
    from
        clinic_admins ca1_0 
    where
        ca1_0.user_id=?
2026-08-30 12:57:07.300 [http-nio-8083-exec-3] DEBUG org.hibernate.SQL - 
    select
        c1_0.id,
        c1_0.active,
        c1_0.address,
        c1_0.city,
        c1_0.clinic_name,
        c1_0.latitude,
        c1_0.longitude,
        c1_0.organization_id,
        c1_0.phone,
        c1_0.pincode 
    from
        clinics c1_0 
    where
        c1_0.id=?
2026-08-30 12:58:15.832 [http-nio-8083-exec-1] DEBUG org.hibernate.SQL - 
    select
        u1_0.id,
        u1_0.created_at,
        u1_0.email,
        u1_0.enabled,
        u1_0.name,
        u1_0.organization_id,
        u1_0.password,
        u1_0.role 
    from
        users u1_0 
    where
        u1_0.email=?
2026-08-30 12:58:15.840 [http-nio-8083-exec-1] DEBUG org.hibernate.SQL - 
    select
        u1_0.id,
        u1_0.created_at,
        u1_0.email,
        u1_0.enabled,
        u1_0.name,
        u1_0.organization_id,
        u1_0.password,
        u1_0.role 
    from
        users u1_0 
    where
        u1_0.id=?
2026-08-30 12:58:15.845 [http-nio-8083-exec-1] DEBUG org.hibernate.SQL - 
    select
        ep1_0.id,
        ep1_0.current_address,
        ep1_0.date_of_joining,
        ep1_0.dob,
        ep1_0.gender,
        ep1_0.organization_id,
        ep1_0.permanent_address,
        ep1_0.user_id 
    from
        employee_profiles ep1_0 
    where
        ep1_0.user_id=?
2026-08-30 12:58:15.847 [http-nio-8083-exec-1] DEBUG org.hibernate.SQL - 
    insert 
    into
        employee_profiles
        (current_address, date_of_joining, dob, gender, organization_id, permanent_address, user_id) 
    values
        (?, ?, ?, ?, ?, ?, ?)
2026-08-30 12:58:15.847 [http-nio-8083-exec-1] DEBUG org.hibernate.SQL - 
    select
        ep1_0.id,
        ep1_0.current_address,
        ep1_0.date_of_joining,
        ep1_0.dob,
        ep1_0.gender,
        ep1_0.organization_id,
        ep1_0.permanent_address,
        ep1_0.user_id 
    from
        employee_profiles ep1_0 
    where
        ep1_0.user_id=?
2026-08-30 12:58:15.847 [http-nio-8083-exec-1] DEBUG org.hibernate.SQL - 
    select
        sr1_0.id,
        sr1_0.amount,
        sr1_0.created_at,
        sr1_0.effective_from,
        sr1_0.employee_profile_id 
    from
        salary_records sr1_0 
    where
        sr1_0.employee_profile_id=? 
    order by
        sr1_0.effective_from desc
2026-08-30 12:58:15.863 [http-nio-8083-exec-1] DEBUG org.hibernate.SQL - 
    select
        ca1_0.id,
        ca1_0.clinic_id,
        ca1_0.created_at,
        ca1_0.name,
        ca1_0.organization_id,
        ca1_0.phone,
        ca1_0.user_id 
    from
        clinic_admins ca1_0 
    where
        ca1_0.user_id=?
2026-08-30 12:58:15.863 [http-nio-8083-exec-1] DEBUG org.hibernate.SQL - 
    select
        c1_0.id,
        c1_0.active,
        c1_0.address,
        c1_0.city,
        c1_0.clinic_name,
        c1_0.latitude,
        c1_0.longitude,
        c1_0.organization_id,
        c1_0.phone,
        c1_0.pincode 
    from
        clinics c1_0 
    where
        c1_0.id=?
2026-08-30 12:58:15.880 [http-nio-8083-exec-2] DEBUG org.hibernate.SQL - 
    select
        u1_0.id,
        u1_0.created_at,
        u1_0.email,
        u1_0.enabled,
        u1_0.name,
        u1_0.organization_id,
        u1_0.password,
        u1_0.role 
    from
        users u1_0 
    where
        u1_0.email=?
2026-08-30 12:58:15.883 [http-nio-8083-exec-2] DEBUG org.hibernate.SQL - 
    select
        u1_0.id,
        u1_0.created_at,
        u1_0.email,
        u1_0.enabled,
        u1_0.name,
        u1_0.organization_id,
        u1_0.password,
        u1_0.role 
    from
        users u1_0 
    where
        u1_0.id=?
2026-08-30 12:58:15.885 [http-nio-8083-exec-2] DEBUG org.hibernate.SQL - 
    select
        ep1_0.id,
        ep1_0.current_address,
        ep1_0.date_of_joining,
        ep1_0.dob,
        ep1_0.gender,
        ep1_0.organization_id,
        ep1_0.permanent_address,
        ep1_0.user_id 
    from
        employee_profiles ep1_0 
    where
        ep1_0.user_id=?
2026-08-30 12:58:15.886 [http-nio-8083-exec-2] DEBUG org.hibernate.SQL - 
    select
        sr1_0.id,
        sr1_0.amount,
        sr1_0.created_at,
        sr1_0.effective_from,
        sr1_0.employee_profile_id 
    from
        salary_records sr1_0 
    where
        sr1_0.employee_profile_id=? 
    order by
        sr1_0.effective_from desc
2026-08-30 12:58:15.888 [http-nio-8083-exec-2] DEBUG org.hibernate.SQL - 
    select
        ca1_0.id,
        ca1_0.clinic_id,
        ca1_0.created_at,
        ca1_0.name,
        ca1_0.organization_id,
        ca1_0.phone,
        ca1_0.user_id 
    from
        clinic_admins ca1_0 
    where
        ca1_0.user_id=?
2026-08-30 12:58:15.889 [http-nio-8083-exec-2] DEBUG org.hibernate.SQL - 
    select
        c1_0.id,
        c1_0.active,
        c1_0.address,
        c1_0.city,
        c1_0.clinic_name,
        c1_0.latitude,
        c1_0.longitude,
        c1_0.organization_id,
        c1_0.phone,
        c1_0.pincode 
    from
        clinics c1_0 
    where
        c1_0.id=?
2026-08-30 12:58:20.653 [http-nio-8083-exec-4] DEBUG org.hibernate.SQL - 
    select
        u1_0.id,
        u1_0.created_at,
        u1_0.email,
        u1_0.enabled,
        u1_0.name,
        u1_0.organization_id,
        u1_0.password,
        u1_0.role 
    from
        users u1_0 
    where
        u1_0.email=?
2026-08-30 12:58:20.661 [http-nio-8083-exec-4] DEBUG org.hibernate.SQL - 
    select
        u1_0.id,
        u1_0.created_at,
        u1_0.email,
        u1_0.enabled,
        u1_0.name,
        u1_0.organization_id,
        u1_0.password,
        u1_0.role 
    from
        users u1_0 
    where
        u1_0.id=?
2026-08-30 12:58:20.663 [http-nio-8083-exec-4] DEBUG org.hibernate.SQL - 
    select
        ep1_0.id,
        ep1_0.current_address,
        ep1_0.date_of_joining,
        ep1_0.dob,
        ep1_0.gender,
        ep1_0.organization_id,
        ep1_0.permanent_address,
        ep1_0.user_id 
    from
        employee_profiles ep1_0 
    where
        ep1_0.user_id=?
2026-08-30 12:58:20.667 [http-nio-8083-exec-4] DEBUG org.hibernate.SQL - 
    insert 
    into
        salary_records
        (amount, created_at, effective_from, employee_profile_id) 
    values
        (?, ?, ?, ?)
2026-08-30 12:58:20.670 [http-nio-8083-exec-4] DEBUG org.hibernate.SQL - 
    select
        ep1_0.id,
        ep1_0.current_address,
        ep1_0.date_of_joining,
        ep1_0.dob,
        ep1_0.gender,
        ep1_0.organization_id,
        ep1_0.permanent_address,
        ep1_0.user_id 
    from
        employee_profiles ep1_0 
    where
        ep1_0.user_id=?
2026-08-30 12:58:20.673 [http-nio-8083-exec-4] DEBUG org.hibernate.SQL - 
    select
        sr1_0.id,
        sr1_0.amount,
        sr1_0.created_at,
        sr1_0.effective_from,
        sr1_0.employee_profile_id 
    from
        salary_records sr1_0 
    where
        sr1_0.employee_profile_id=? 
    order by
        sr1_0.effective_from desc
2026-08-30 12:58:20.676 [http-nio-8083-exec-4] DEBUG org.hibernate.SQL - 
    select
        ca1_0.id,
        ca1_0.clinic_id,
        ca1_0.created_at,
        ca1_0.name,
        ca1_0.organization_id,
        ca1_0.phone,
        ca1_0.user_id 
    from
        clinic_admins ca1_0 
    where
        ca1_0.user_id=?
2026-08-30 12:58:20.676 [http-nio-8083-exec-4] DEBUG org.hibernate.SQL - 
    select
        c1_0.id,
        c1_0.active,
        c1_0.address,
        c1_0.city,
        c1_0.clinic_name,
        c1_0.latitude,
        c1_0.longitude,
        c1_0.organization_id,
        c1_0.phone,
        c1_0.pincode 
    from
        clinics c1_0 
    where
        c1_0.id=?
2026-08-30 12:58:20.691 [http-nio-8083-exec-6] DEBUG org.hibernate.SQL - 
    select
        u1_0.id,
        u1_0.created_at,
        u1_0.email,
        u1_0.enabled,
        u1_0.name,
        u1_0.organization_id,
        u1_0.password,
        u1_0.role 
    from
        users u1_0 
    where
        u1_0.email=?
2026-08-30 12:58:20.695 [http-nio-8083-exec-6] DEBUG org.hibernate.SQL - 
    select
        u1_0.id,
        u1_0.created_at,
        u1_0.email,
        u1_0.enabled,
        u1_0.name,
        u1_0.organization_id,
        u1_0.password,
        u1_0.role 
    from
        users u1_0 
    where
        u1_0.id=?
2026-08-30 12:58:20.695 [http-nio-8083-exec-6] DEBUG org.hibernate.SQL - 
    select
        ep1_0.id,
        ep1_0.current_address,
        ep1_0.date_of_joining,
        ep1_0.dob,
        ep1_0.gender,
        ep1_0.organization_id,
        ep1_0.permanent_address,
        ep1_0.user_id 
    from
        employee_profiles ep1_0 
    where
        ep1_0.user_id=?
2026-08-30 12:58:20.695 [http-nio-8083-exec-6] DEBUG org.hibernate.SQL - 
    select
        sr1_0.id,
        sr1_0.amount,
        sr1_0.created_at,
        sr1_0.effective_from,
        sr1_0.employee_profile_id 
    from
        salary_records sr1_0 
    where
        sr1_0.employee_profile_id=? 
    order by
        sr1_0.effective_from desc
2026-08-30 12:58:20.695 [http-nio-8083-exec-6] DEBUG org.hibernate.SQL - 
    select
        ca1_0.id,
        ca1_0.clinic_id,
        ca1_0.created_at,
        ca1_0.name,
        ca1_0.organization_id,
        ca1_0.phone,
        ca1_0.user_id 
    from
        clinic_admins ca1_0 
    where
        ca1_0.user_id=?
2026-08-30 12:58:20.695 [http-nio-8083-exec-6] DEBUG org.hibernate.SQL - 
    select
        c1_0.id,
        c1_0.active,
        c1_0.address,
        c1_0.city,
        c1_0.clinic_name,
        c1_0.latitude,
        c1_0.longitude,
        c1_0.organization_id,
        c1_0.phone,
        c1_0.pincode 
    from
        clinics c1_0 
    where
        c1_0.id=?
2026-08-30 12:58:26.809 [http-nio-8083-exec-10] DEBUG org.hibernate.SQL - 
    select
        u1_0.id,
        u1_0.created_at,
        u1_0.email,
        u1_0.enabled,
        u1_0.name,
        u1_0.organization_id,
        u1_0.password,
        u1_0.role 
    from
        users u1_0 
    where
        u1_0.email=?
2026-08-30 12:58:26.809 [http-nio-8083-exec-10] DEBUG org.hibernate.SQL - 
    select
        ca1_0.id,
        ca1_0.clinic_id,
        ca1_0.created_at,
        ca1_0.name,
        ca1_0.organization_id,
        ca1_0.phone,
        ca1_0.user_id 
    from
        clinic_admins ca1_0 
    where
        ca1_0.organization_id=?
2026-08-30 12:58:26.809 [http-nio-8083-exec-10] DEBUG org.hibernate.SQL - 
    select
        c1_0.id,
        c1_0.active,
        c1_0.address,
        c1_0.city,
        c1_0.clinic_name,
        c1_0.latitude,
        c1_0.longitude,
        c1_0.organization_id,
        c1_0.phone,
        c1_0.pincode 
    from
        clinics c1_0 
    where
        c1_0.id=?
2026-08-30 12:58:26.822 [http-nio-8083-exec-10] DEBUG org.hibernate.SQL - 
    select
        ep1_0.id,
        ep1_0.current_address,
        ep1_0.date_of_joining,
        ep1_0.dob,
        ep1_0.gender,
        ep1_0.organization_id,
        ep1_0.permanent_address,
        ep1_0.user_id 
    from
        employee_profiles ep1_0 
    where
        ep1_0.user_id=?
2026-08-30 12:58:26.824 [http-nio-8083-exec-10] DEBUG org.hibernate.SQL - 
    select
        ep1_0.id,
        ep1_0.current_address,
        ep1_0.date_of_joining,
        ep1_0.dob,
        ep1_0.gender,
        ep1_0.organization_id,
        ep1_0.permanent_address,
        ep1_0.user_id 
    from
        employee_profiles ep1_0 
    where
        ep1_0.user_id=?
2026-08-30 12:58:26.825 [http-nio-8083-exec-10] DEBUG org.hibernate.SQL - 
    select
        sr1_0.id,
        sr1_0.amount,
        sr1_0.created_at,
        sr1_0.effective_from,
        sr1_0.employee_profile_id 
    from
        salary_records sr1_0 
    where
        sr1_0.employee_profile_id=? 
    order by
        sr1_0.effective_from desc
2026-08-30 12:58:26.827 [http-nio-8083-exec-10] DEBUG org.hibernate.SQL - 
    select
        c1_0.id,
        c1_0.active,
        c1_0.address,
        c1_0.city,
        c1_0.clinic_name,
        c1_0.latitude,
        c1_0.longitude,
        c1_0.organization_id,
        c1_0.phone,
        c1_0.pincode 
    from
        clinics c1_0 
    where
        c1_0.id=?
2026-08-30 12:58:26.829 [http-nio-8083-exec-10] DEBUG org.hibernate.SQL - 
    select
        ep1_0.id,
        ep1_0.current_address,
        ep1_0.date_of_joining,
        ep1_0.dob,
        ep1_0.gender,
        ep1_0.organization_id,
        ep1_0.permanent_address,
        ep1_0.user_id 
    from
        employee_profiles ep1_0 
    where
        ep1_0.user_id=?
2026-08-30 12:58:26.831 [http-nio-8083-exec-10] DEBUG org.hibernate.SQL - 
    select
        ep1_0.id,
        ep1_0.current_address,
        ep1_0.date_of_joining,
        ep1_0.dob,
        ep1_0.gender,
        ep1_0.organization_id,
        ep1_0.permanent_address,
        ep1_0.user_id 
    from
        employee_profiles ep1_0 
    where
        ep1_0.user_id=?
2026-08-30 12:58:26.832 [http-nio-8083-exec-10] DEBUG org.hibernate.SQL - 
    select
        sr1_0.id,
        sr1_0.amount,
        sr1_0.created_at,
        sr1_0.effective_from,
        sr1_0.employee_profile_id 
    from
        salary_records sr1_0 
    where
        sr1_0.employee_profile_id=? 
    order by
        sr1_0.effective_from desc
2026-08-30 12:58:26.834 [http-nio-8083-exec-10] DEBUG org.hibernate.SQL - 
    select
        d1_0.id,
        d1_0.active,
        d1_0.consultation_fee,
        d1_0.created_at,
        d1_0.dob,
        d1_0.experience_years,
        d1_0.gender,
        d1_0.name,
        d1_0.organization_id,
        d1_0.profile_image_url,
        d1_0.qualification,
        d1_0.user_id 
    from
        doctors d1_0 
    where
        d1_0.organization_id=?
2026-08-30 12:58:26.836 [http-nio-8083-exec-10] DEBUG org.hibernate.SQL - 
    select
        dca1_0.id,
        dca1_0.active,
        dca1_0.assigned_at,
        dca1_0.clinic_id,
        dca1_0.doctor_id 
    from
        doctor_clinic_assignments dca1_0 
    where
        dca1_0.doctor_id=? 
        and dca1_0.active
2026-08-30 12:58:26.836 [http-nio-8083-exec-10] DEBUG org.hibernate.SQL - 
    select
        ep1_0.id,
        ep1_0.current_address,
        ep1_0.date_of_joining,
        ep1_0.dob,
        ep1_0.gender,
        ep1_0.organization_id,
        ep1_0.permanent_address,
        ep1_0.user_id 
    from
        employee_profiles ep1_0 
    where
        ep1_0.user_id=?
2026-08-30 12:58:26.836 [http-nio-8083-exec-10] DEBUG org.hibernate.SQL - 
    select
        ep1_0.id,
        ep1_0.current_address,
        ep1_0.date_of_joining,
        ep1_0.dob,
        ep1_0.gender,
        ep1_0.organization_id,
        ep1_0.permanent_address,
        ep1_0.user_id 
    from
        employee_profiles ep1_0 
    where
        ep1_0.user_id=?
2026-08-30 12:58:26.836 [http-nio-8083-exec-7] DEBUG org.hibernate.SQL - 
    select
        u1_0.id,
        u1_0.created_at,
        u1_0.email,
        u1_0.enabled,
        u1_0.name,
        u1_0.organization_id,
        u1_0.password,
        u1_0.role 
    from
        users u1_0 
    where
        u1_0.email=?
2026-08-30 12:58:26.836 [http-nio-8083-exec-7] DEBUG org.hibernate.SQL - 
    select
        ca1_0.id,
        ca1_0.clinic_id,
        ca1_0.created_at,
        ca1_0.name,
        ca1_0.organization_id,
        ca1_0.phone,
        ca1_0.user_id 
    from
        clinic_admins ca1_0 
    where
        ca1_0.organization_id=?
2026-08-30 12:58:26.852 [http-nio-8083-exec-7] DEBUG org.hibernate.SQL - 
    select
        c1_0.id,
        c1_0.active,
        c1_0.address,
        c1_0.city,
        c1_0.clinic_name,
        c1_0.latitude,
        c1_0.longitude,
        c1_0.organization_id,
        c1_0.phone,
        c1_0.pincode 
    from
        clinics c1_0 
    where
        c1_0.id=?
2026-08-30 12:58:26.855 [http-nio-8083-exec-7] DEBUG org.hibernate.SQL - 
    select
        ep1_0.id,
        ep1_0.current_address,
        ep1_0.date_of_joining,
        ep1_0.dob,
        ep1_0.gender,
        ep1_0.organization_id,
        ep1_0.permanent_address,
        ep1_0.user_id 
    from
        employee_profiles ep1_0 
    where
        ep1_0.user_id=?
2026-08-30 12:58:26.857 [http-nio-8083-exec-7] DEBUG org.hibernate.SQL - 
    select
        ep1_0.id,
        ep1_0.current_address,
        ep1_0.date_of_joining,
        ep1_0.dob,
        ep1_0.gender,
        ep1_0.organization_id,
        ep1_0.permanent_address,
        ep1_0.user_id 
    from
        employee_profiles ep1_0 
    where
        ep1_0.user_id=?
2026-08-30 12:58:26.857 [http-nio-8083-exec-7] DEBUG org.hibernate.SQL - 
    select
        sr1_0.id,
        sr1_0.amount,
        sr1_0.created_at,
        sr1_0.effective_from,
        sr1_0.employee_profile_id 
    from
        salary_records sr1_0 
    where
        sr1_0.employee_profile_id=? 
    order by
        sr1_0.effective_from desc
2026-08-30 12:58:26.857 [http-nio-8083-exec-7] DEBUG org.hibernate.SQL - 
    select
        c1_0.id,
        c1_0.active,
        c1_0.address,
        c1_0.city,
        c1_0.clinic_name,
        c1_0.latitude,
        c1_0.longitude,
        c1_0.organization_id,
        c1_0.phone,
        c1_0.pincode 
    from
        clinics c1_0 
    where
        c1_0.id=?
2026-08-30 12:58:26.857 [http-nio-8083-exec-7] DEBUG org.hibernate.SQL - 
    select
        ep1_0.id,
        ep1_0.current_address,
        ep1_0.date_of_joining,
        ep1_0.dob,
        ep1_0.gender,
        ep1_0.organization_id,
        ep1_0.permanent_address,
        ep1_0.user_id 
    from
        employee_profiles ep1_0 
    where
        ep1_0.user_id=?
2026-08-30 12:58:26.857 [http-nio-8083-exec-7] DEBUG org.hibernate.SQL - 
    select
        ep1_0.id,
        ep1_0.current_address,
        ep1_0.date_of_joining,
        ep1_0.dob,
        ep1_0.gender,
        ep1_0.organization_id,
        ep1_0.permanent_address,
        ep1_0.user_id 
    from
        employee_profiles ep1_0 
    where
        ep1_0.user_id=?
2026-08-30 12:58:26.857 [http-nio-8083-exec-7] DEBUG org.hibernate.SQL - 
    select
        sr1_0.id,
        sr1_0.amount,
        sr1_0.created_at,
        sr1_0.effective_from,
        sr1_0.employee_profile_id 
    from
        salary_records sr1_0 
    where
        sr1_0.employee_profile_id=? 
    order by
        sr1_0.effective_from desc
2026-08-30 12:58:26.871 [http-nio-8083-exec-7] DEBUG org.hibernate.SQL - 
    select
        d1_0.id,
        d1_0.active,
        d1_0.consultation_fee,
        d1_0.created_at,
        d1_0.dob,
        d1_0.experience_years,
        d1_0.gender,
        d1_0.name,
        d1_0.organization_id,
        d1_0.profile_image_url,
        d1_0.qualification,
        d1_0.user_id 
    from
        doctors d1_0 
    where
        d1_0.organization_id=?
2026-08-30 12:58:26.873 [http-nio-8083-exec-7] DEBUG org.hibernate.SQL - 
    select
        dca1_0.id,
        dca1_0.active,
        dca1_0.assigned_at,
        dca1_0.clinic_id,
        dca1_0.doctor_id 
    from
        doctor_clinic_assignments dca1_0 
    where
        dca1_0.doctor_id=? 
        and dca1_0.active
2026-08-30 12:58:26.875 [http-nio-8083-exec-7] DEBUG org.hibernate.SQL - 
    select
        ep1_0.id,
        ep1_0.current_address,
        ep1_0.date_of_joining,
        ep1_0.dob,
        ep1_0.gender,
        ep1_0.organization_id,
        ep1_0.permanent_address,
        ep1_0.user_id 
    from
        employee_profiles ep1_0 
    where
        ep1_0.user_id=?
2026-08-30 12:58:26.877 [http-nio-8083-exec-7] DEBUG org.hibernate.SQL - 
    select
        ep1_0.id,
        ep1_0.current_address,
        ep1_0.date_of_joining,
        ep1_0.dob,
        ep1_0.gender,
        ep1_0.organization_id,
        ep1_0.permanent_address,
        ep1_0.user_id 
    from
        employee_profiles ep1_0 
    where
        ep1_0.user_id=?
2026-08-30 12:58:52.816 [http-nio-8083-exec-3] DEBUG org.hibernate.SQL - 
    select
        u1_0.id,
        u1_0.created_at,
        u1_0.email,
        u1_0.enabled,
        u1_0.name,
        u1_0.organization_id,
        u1_0.password,
        u1_0.role 
    from
        users u1_0 
    where
        u1_0.email=?
2026-08-30 12:58:52.893 [http-nio-8083-exec-3] DEBUG org.hibernate.SQL - 
    select
        u1_0.id,
        u1_0.created_at,
        u1_0.email,
        u1_0.enabled,
        u1_0.name,
        u1_0.organization_id,
        u1_0.password,
        u1_0.role 
    from
        users u1_0 
    where
        u1_0.email=?
2026-08-30 12:58:52.893 [http-nio-8083-exec-3] DEBUG org.hibernate.SQL - 
    select
        o1_0.id,
        o1_0.active,
        o1_0.created_at,
        o1_0.name,
        o1_0.slug,
        o1_0.support_phone 
    from
        organizations o1_0 
    where
        o1_0.id=?
2026-08-30 12:58:52.918 [http-nio-8083-exec-8] DEBUG org.hibernate.SQL - 
    select
        u1_0.id,
        u1_0.created_at,
        u1_0.email,
        u1_0.enabled,
        u1_0.name,
        u1_0.organization_id,
        u1_0.password,
        u1_0.role 
    from
        users u1_0 
    where
        u1_0.email=?
2026-08-30 12:58:52.930 [http-nio-8083-exec-8] DEBUG org.hibernate.SQL - 
    select
        d1_0.id,
        d1_0.active,
        d1_0.consultation_fee,
        d1_0.created_at,
        d1_0.dob,
        d1_0.experience_years,
        d1_0.gender,
        d1_0.name,
        d1_0.organization_id,
        d1_0.profile_image_url,
        d1_0.qualification,
        d1_0.user_id 
    from
        doctors d1_0 
    where
        d1_0.user_id=?
2026-08-30 12:58:52.935 [http-nio-8083-exec-8] DEBUG org.hibernate.SQL - 
    select
        a1_0.id,
        a1_0.appointment_date,
        a1_0.booked_by_user_id,
        a1_0.clinic_id,
        a1_0.consultation_fee,
        a1_0.created_at,
        a1_0.doctor_id,
        a1_0.end_time,
        a1_0.organization_id,
        a1_0.patient_id,
        a1_0.payment_status,
        a1_0.slot_id,
        a1_0.source,
        a1_0.start_time,
        a1_0.status 
    from
        appointments a1_0 
    where
        a1_0.doctor_id=? 
        and a1_0.appointment_date=? 
    order by
        a1_0.start_time
2026-08-30 12:58:52.942 [http-nio-8083-exec-9] DEBUG org.hibernate.SQL - 
    select
        u1_0.id,
        u1_0.created_at,
        u1_0.email,
        u1_0.enabled,
        u1_0.name,
        u1_0.organization_id,
        u1_0.password,
        u1_0.role 
    from
        users u1_0 
    where
        u1_0.email=?
2026-08-30 12:58:52.946 [http-nio-8083-exec-9] DEBUG org.hibernate.SQL - 
    select
        d1_0.id,
        d1_0.active,
        d1_0.consultation_fee,
        d1_0.created_at,
        d1_0.dob,
        d1_0.experience_years,
        d1_0.gender,
        d1_0.name,
        d1_0.organization_id,
        d1_0.profile_image_url,
        d1_0.qualification,
        d1_0.user_id 
    from
        doctors d1_0 
    where
        d1_0.user_id=?
2026-08-30 12:58:52.949 [http-nio-8083-exec-9] DEBUG org.hibernate.SQL - 
    select
        a1_0.id,
        a1_0.appointment_date,
        a1_0.booked_by_user_id,
        a1_0.clinic_id,
        a1_0.consultation_fee,
        a1_0.created_at,
        a1_0.doctor_id,
        a1_0.end_time,
        a1_0.organization_id,
        a1_0.patient_id,
        a1_0.payment_status,
        a1_0.slot_id,
        a1_0.source,
        a1_0.start_time,
        a1_0.status 
    from
        appointments a1_0 
    where
        a1_0.doctor_id=? 
        and a1_0.appointment_date=? 
    order by
        a1_0.start_time
2026-08-30 12:58:58.298 [http-nio-8083-exec-3] DEBUG org.hibernate.SQL - 
    select
        u1_0.id,
        u1_0.created_at,
        u1_0.email,
        u1_0.enabled,
        u1_0.name,
        u1_0.organization_id,
        u1_0.password,
        u1_0.role 
    from
        users u1_0 
    where
        u1_0.email=?
2026-08-30 12:58:58.298 [http-nio-8083-exec-2] DEBUG org.hibernate.SQL - 
    select
        u1_0.id,
        u1_0.created_at,
        u1_0.email,
        u1_0.enabled,
        u1_0.name,
        u1_0.organization_id,
        u1_0.password,
        u1_0.role 
    from
        users u1_0 
    where
        u1_0.email=?
2026-08-30 12:58:58.302 [http-nio-8083-exec-3] DEBUG org.hibernate.SQL - 
    select
        d1_0.id,
        d1_0.active,
        d1_0.consultation_fee,
        d1_0.created_at,
        d1_0.dob,
        d1_0.experience_years,
        d1_0.gender,
        d1_0.name,
        d1_0.organization_id,
        d1_0.profile_image_url,
        d1_0.qualification,
        d1_0.user_id 
    from
        doctors d1_0 
    where
        d1_0.user_id=?
2026-08-30 12:58:58.302 [http-nio-8083-exec-2] DEBUG org.hibernate.SQL - 
    select
        d1_0.id,
        d1_0.active,
        d1_0.consultation_fee,
        d1_0.created_at,
        d1_0.dob,
        d1_0.experience_years,
        d1_0.gender,
        d1_0.name,
        d1_0.organization_id,
        d1_0.profile_image_url,
        d1_0.qualification,
        d1_0.user_id 
    from
        doctors d1_0 
    where
        d1_0.user_id=?
2026-08-30 12:58:58.305 [http-nio-8083-exec-3] DEBUG org.hibernate.SQL - 
    select
        da1_0.id,
        da1_0.active,
        da1_0.clinic_id,
        da1_0.day_of_week,
        da1_0.doctor_id,
        da1_0.end_time,
        da1_0.slot_duration_minutes,
        da1_0.start_time 
    from
        doctor_availability da1_0 
    where
        da1_0.doctor_id=? 
    order by
        da1_0.day_of_week,
        da1_0.start_time
2026-08-30 12:58:58.305 [http-nio-8083-exec-2] DEBUG org.hibernate.SQL - 
    select
        dca1_0.id,
        dca1_0.active,
        dca1_0.assigned_at,
        dca1_0.clinic_id,
        dca1_0.doctor_id 
    from
        doctor_clinic_assignments dca1_0 
    where
        dca1_0.doctor_id=? 
        and dca1_0.active
2026-08-30 12:58:58.308 [http-nio-8083-exec-2] DEBUG org.hibernate.SQL - 
    select
        c1_0.id,
        c1_0.active,
        c1_0.address,
        c1_0.city,
        c1_0.clinic_name,
        c1_0.latitude,
        c1_0.longitude,
        c1_0.organization_id,
        c1_0.phone,
        c1_0.pincode 
    from
        clinics c1_0 
    where
        c1_0.id=?
2026-08-30 12:58:58.308 [http-nio-8083-exec-2] DEBUG org.hibernate.SQL - 
    select
        c1_0.id,
        c1_0.active,
        c1_0.address,
        c1_0.city,
        c1_0.clinic_name,
        c1_0.latitude,
        c1_0.longitude,
        c1_0.organization_id,
        c1_0.phone,
        c1_0.pincode 
    from
        clinics c1_0 
    where
        c1_0.id=?
2026-08-30 12:58:58.308 [http-nio-8083-exec-3] DEBUG org.hibernate.SQL - 
    select
        d1_0.id,
        d1_0.active,
        d1_0.consultation_fee,
        d1_0.created_at,
        d1_0.dob,
        d1_0.experience_years,
        d1_0.gender,
        d1_0.name,
        d1_0.organization_id,
        d1_0.profile_image_url,
        d1_0.qualification,
        d1_0.user_id 
    from
        doctors d1_0 
    where
        d1_0.id=?
2026-08-30 12:58:58.308 [http-nio-8083-exec-3] DEBUG org.hibernate.SQL - 
    select
        c1_0.id,
        c1_0.active,
        c1_0.address,
        c1_0.city,
        c1_0.clinic_name,
        c1_0.latitude,
        c1_0.longitude,
        c1_0.organization_id,
        c1_0.phone,
        c1_0.pincode 
    from
        clinics c1_0 
    where
        c1_0.id=?
2026-08-30 12:58:58.308 [http-nio-8083-exec-4] DEBUG org.hibernate.SQL - 
    select
        u1_0.id,
        u1_0.created_at,
        u1_0.email,
        u1_0.enabled,
        u1_0.name,
        u1_0.organization_id,
        u1_0.password,
        u1_0.role 
    from
        users u1_0 
    where
        u1_0.email=?
2026-08-30 12:58:58.308 [http-nio-8083-exec-6] DEBUG org.hibernate.SQL - 
    select
        u1_0.id,
        u1_0.created_at,
        u1_0.email,
        u1_0.enabled,
        u1_0.name,
        u1_0.organization_id,
        u1_0.password,
        u1_0.role 
    from
        users u1_0 
    where
        u1_0.email=?
2026-08-30 12:58:58.308 [http-nio-8083-exec-4] DEBUG org.hibernate.SQL - 
    select
        d1_0.id,
        d1_0.active,
        d1_0.consultation_fee,
        d1_0.created_at,
        d1_0.dob,
        d1_0.experience_years,
        d1_0.gender,
        d1_0.name,
        d1_0.organization_id,
        d1_0.profile_image_url,
        d1_0.qualification,
        d1_0.user_id 
    from
        doctors d1_0 
    where
        d1_0.user_id=?
2026-08-30 12:58:58.324 [http-nio-8083-exec-4] DEBUG org.hibernate.SQL - 
    select
        dca1_0.id,
        dca1_0.active,
        dca1_0.assigned_at,
        dca1_0.clinic_id,
        dca1_0.doctor_id 
    from
        doctor_clinic_assignments dca1_0 
    where
        dca1_0.doctor_id=? 
        and dca1_0.active
2026-08-30 12:58:58.324 [http-nio-8083-exec-6] DEBUG org.hibernate.SQL - 
    select
        d1_0.id,
        d1_0.active,
        d1_0.consultation_fee,
        d1_0.created_at,
        d1_0.dob,
        d1_0.experience_years,
        d1_0.gender,
        d1_0.name,
        d1_0.organization_id,
        d1_0.profile_image_url,
        d1_0.qualification,
        d1_0.user_id 
    from
        doctors d1_0 
    where
        d1_0.user_id=?
2026-08-30 12:58:58.325 [http-nio-8083-exec-4] DEBUG org.hibernate.SQL - 
    select
        c1_0.id,
        c1_0.active,
        c1_0.address,
        c1_0.city,
        c1_0.clinic_name,
        c1_0.latitude,
        c1_0.longitude,
        c1_0.organization_id,
        c1_0.phone,
        c1_0.pincode 
    from
        clinics c1_0 
    where
        c1_0.id=?
2026-08-30 12:58:58.327 [http-nio-8083-exec-4] DEBUG org.hibernate.SQL - 
    select
        c1_0.id,
        c1_0.active,
        c1_0.address,
        c1_0.city,
        c1_0.clinic_name,
        c1_0.latitude,
        c1_0.longitude,
        c1_0.organization_id,
        c1_0.phone,
        c1_0.pincode 
    from
        clinics c1_0 
    where
        c1_0.id=?
2026-08-30 12:58:58.328 [http-nio-8083-exec-6] DEBUG org.hibernate.SQL - 
    select
        da1_0.id,
        da1_0.active,
        da1_0.clinic_id,
        da1_0.day_of_week,
        da1_0.doctor_id,
        da1_0.end_time,
        da1_0.slot_duration_minutes,
        da1_0.start_time 
    from
        doctor_availability da1_0 
    where
        da1_0.doctor_id=? 
    order by
        da1_0.day_of_week,
        da1_0.start_time
2026-08-30 12:58:58.328 [http-nio-8083-exec-6] DEBUG org.hibernate.SQL - 
    select
        d1_0.id,
        d1_0.active,
        d1_0.consultation_fee,
        d1_0.created_at,
        d1_0.dob,
        d1_0.experience_years,
        d1_0.gender,
        d1_0.name,
        d1_0.organization_id,
        d1_0.profile_image_url,
        d1_0.qualification,
        d1_0.user_id 
    from
        doctors d1_0 
    where
        d1_0.id=?
2026-08-30 12:58:58.328 [http-nio-8083-exec-6] DEBUG org.hibernate.SQL - 
    select
        c1_0.id,
        c1_0.active,
        c1_0.address,
        c1_0.city,
        c1_0.clinic_name,
        c1_0.latitude,
        c1_0.longitude,
        c1_0.organization_id,
        c1_0.phone,
        c1_0.pincode 
    from
        clinics c1_0 
    where
        c1_0.id=?
2026-08-30 12:59:11.546 [http-nio-8083-exec-9] DEBUG org.hibernate.SQL - 
    select
        u1_0.id,
        u1_0.created_at,
        u1_0.email,
        u1_0.enabled,
        u1_0.name,
        u1_0.organization_id,
        u1_0.password,
        u1_0.role 
    from
        users u1_0 
    where
        u1_0.email=?
2026-08-30 12:59:11.550 [http-nio-8083-exec-9] DEBUG org.hibernate.SQL - 
    select
        d1_0.id,
        d1_0.active,
        d1_0.consultation_fee,
        d1_0.created_at,
        d1_0.dob,
        d1_0.experience_years,
        d1_0.gender,
        d1_0.name,
        d1_0.organization_id,
        d1_0.profile_image_url,
        d1_0.qualification,
        d1_0.user_id 
    from
        doctors d1_0 
    where
        d1_0.user_id=?
2026-08-30 12:59:11.553 [http-nio-8083-exec-9] DEBUG org.hibernate.SQL - 
    select
        da1_0.id,
        da1_0.active,
        da1_0.clinic_id,
        da1_0.day_of_week,
        da1_0.doctor_id,
        da1_0.end_time,
        da1_0.slot_duration_minutes,
        da1_0.start_time 
    from
        doctor_availability da1_0 
    where
        da1_0.id=?
2026-08-30 12:59:11.561 [http-nio-8083-exec-9] DEBUG org.hibernate.SQL - 
    select
        as1_0.id,
        as1_0.clinic_id,
        as1_0.slot_date,
        as1_0.doctor_id,
        as1_0.end_time,
        as1_0.start_time,
        as1_0.status,
        as1_0.version 
    from
        appointment_slots as1_0 
    where
        as1_0.doctor_id=? 
        and as1_0.clinic_id=? 
        and as1_0.slot_date>=?
2026-08-30 12:59:11.577 [http-nio-8083-exec-9] DEBUG org.hibernate.SQL - 
    delete 
    from
        doctor_availability 
    where
        id=?
2026-08-30 12:59:11.577 [http-nio-8083-exec-9] DEBUG org.hibernate.SQL - 
    select
        da1_0.id,
        da1_0.active,
        da1_0.clinic_id,
        da1_0.day_of_week,
        da1_0.doctor_id,
        da1_0.end_time,
        da1_0.slot_duration_minutes,
        da1_0.start_time 
    from
        doctor_availability da1_0 
    where
        da1_0.doctor_id=? 
        and da1_0.clinic_id=? 
        and da1_0.day_of_week=? 
        and da1_0.active
2026-08-30 12:59:11.593 [http-nio-8083-exec-9] DEBUG org.hibernate.SQL - 
    update
        appointment_slots 
    set
        clinic_id=?,
        slot_date=?,
        doctor_id=?,
        end_time=?,
        start_time=?,
        status=?,
        version=? 
    where
        id=? 
        and version=?
2026-08-30 12:59:11.593 [http-nio-8083-exec-9] DEBUG org.hibernate.SQL - 
    update
        appointment_slots 
    set
        clinic_id=?,
        slot_date=?,
        doctor_id=?,
        end_time=?,
        start_time=?,
        status=?,
        version=? 
    where
        id=? 
        and version=?
2026-08-30 12:59:11.593 [http-nio-8083-exec-9] DEBUG org.hibernate.SQL - 
    update
        appointment_slots 
    set
        clinic_id=?,
        slot_date=?,
        doctor_id=?,
        end_time=?,
        start_time=?,
        status=?,
        version=? 
    where
        id=? 
        and version=?
2026-08-30 12:59:11.608 [http-nio-8083-exec-9] DEBUG org.hibernate.SQL - 
    update
        appointment_slots 
    set
        clinic_id=?,
        slot_date=?,
        doctor_id=?,
        end_time=?,
        start_time=?,
        status=?,
        version=? 
    where
        id=? 
        and version=?
2026-08-30 12:59:11.608 [http-nio-8083-exec-9] DEBUG org.hibernate.SQL - 
    update
        appointment_slots 
    set
        clinic_id=?,
        slot_date=?,
        doctor_id=?,
        end_time=?,
        start_time=?,
        status=?,
        version=? 
    where
        id=? 
        and version=?
2026-08-30 12:59:11.608 [http-nio-8083-exec-9] DEBUG org.hibernate.SQL - 
    update
        appointment_slots 
    set
        clinic_id=?,
        slot_date=?,
        doctor_id=?,
        end_time=?,
        start_time=?,
        status=?,
        version=? 
    where
        id=? 
        and version=?
2026-08-30 12:59:11.608 [http-nio-8083-exec-9] DEBUG org.hibernate.SQL - 
    update
        appointment_slots 
    set
        clinic_id=?,
        slot_date=?,
        doctor_id=?,
        end_time=?,
        start_time=?,
        status=?,
        version=? 
    where
        id=? 
        and version=?
2026-08-30 12:59:11.608 [http-nio-8083-exec-9] DEBUG org.hibernate.SQL - 
    update
        appointment_slots 
    set
        clinic_id=?,
        slot_date=?,
        doctor_id=?,
        end_time=?,
        start_time=?,
        status=?,
        version=? 
    where
        id=? 
        and version=?
2026-08-30 12:59:11.608 [http-nio-8083-exec-9] DEBUG org.hibernate.SQL - 
    update
        appointment_slots 
    set
        clinic_id=?,
        slot_date=?,
        doctor_id=?,
        end_time=?,
        start_time=?,
        status=?,
        version=? 
    where
        id=? 
        and version=?
2026-08-30 12:59:11.608 [http-nio-8083-exec-9] DEBUG org.hibernate.SQL - 
    update
        appointment_slots 
    set
        clinic_id=?,
        slot_date=?,
        doctor_id=?,
        end_time=?,
        start_time=?,
        status=?,
        version=? 
    where
        id=? 
        and version=?
2026-08-30 12:59:11.608 [http-nio-8083-exec-9] DEBUG org.hibernate.SQL - 
    update
        appointment_slots 
    set
        clinic_id=?,
        slot_date=?,
        doctor_id=?,
        end_time=?,
        start_time=?,
        status=?,
        version=? 
    where
        id=? 
        and version=?
2026-08-30 12:59:11.608 [http-nio-8083-exec-9] DEBUG org.hibernate.SQL - 
    update
        appointment_slots 
    set
        clinic_id=?,
        slot_date=?,
        doctor_id=?,
        end_time=?,
        start_time=?,
        status=?,
        version=? 
    where
        id=? 
        and version=?
2026-08-30 12:59:11.608 [http-nio-8083-exec-9] DEBUG org.hibernate.SQL - 
    update
        appointment_slots 
    set
        clinic_id=?,
        slot_date=?,
        doctor_id=?,
        end_time=?,
        start_time=?,
        status=?,
        version=? 
    where
        id=? 
        and version=?
2026-08-30 12:59:11.624 [http-nio-8083-exec-9] DEBUG org.hibernate.SQL - 
    update
        appointment_slots 
    set
        clinic_id=?,
        slot_date=?,
        doctor_id=?,
        end_time=?,
        start_time=?,
        status=?,
        version=? 
    where
        id=? 
        and version=?
2026-08-30 12:59:11.624 [http-nio-8083-exec-9] DEBUG org.hibernate.SQL - 
    update
        appointment_slots 
    set
        clinic_id=?,
        slot_date=?,
        doctor_id=?,
        end_time=?,
        start_time=?,
        status=?,
        version=? 
    where
        id=? 
        and version=?
2026-08-30 12:59:11.624 [http-nio-8083-exec-9] DEBUG org.hibernate.SQL - 
    update
        appointment_slots 
    set
        clinic_id=?,
        slot_date=?,
        doctor_id=?,
        end_time=?,
        start_time=?,
        status=?,
        version=? 
    where
        id=? 
        and version=?
2026-08-30 12:59:11.638 [http-nio-8083-exec-5] DEBUG org.hibernate.SQL - 
    select
        u1_0.id,
        u1_0.created_at,
        u1_0.email,
        u1_0.enabled,
        u1_0.name,
        u1_0.organization_id,
        u1_0.password,
        u1_0.role 
    from
        users u1_0 
    where
        u1_0.email=?
2026-08-30 12:59:11.646 [http-nio-8083-exec-5] DEBUG org.hibernate.SQL - 
    select
        d1_0.id,
        d1_0.active,
        d1_0.consultation_fee,
        d1_0.created_at,
        d1_0.dob,
        d1_0.experience_years,
        d1_0.gender,
        d1_0.name,
        d1_0.organization_id,
        d1_0.profile_image_url,
        d1_0.qualification,
        d1_0.user_id 
    from
        doctors d1_0 
    where
        d1_0.user_id=?
2026-08-30 12:59:11.649 [http-nio-8083-exec-5] DEBUG org.hibernate.SQL - 
    select
        da1_0.id,
        da1_0.active,
        da1_0.clinic_id,
        da1_0.day_of_week,
        da1_0.doctor_id,
        da1_0.end_time,
        da1_0.slot_duration_minutes,
        da1_0.start_time 
    from
        doctor_availability da1_0 
    where
        da1_0.doctor_id=? 
    order by
        da1_0.day_of_week,
        da1_0.start_time
2026-08-30 12:59:11.650 [http-nio-8083-exec-5] DEBUG org.hibernate.SQL - 
    select
        d1_0.id,
        d1_0.active,
        d1_0.consultation_fee,
        d1_0.created_at,
        d1_0.dob,
        d1_0.experience_years,
        d1_0.gender,
        d1_0.name,
        d1_0.organization_id,
        d1_0.profile_image_url,
        d1_0.qualification,
        d1_0.user_id 
    from
        doctors d1_0 
    where
        d1_0.id=?
2026-08-30 12:59:11.651 [http-nio-8083-exec-5] DEBUG org.hibernate.SQL - 
    select
        c1_0.id,
        c1_0.active,
        c1_0.address,
        c1_0.city,
        c1_0.clinic_name,
        c1_0.latitude,
        c1_0.longitude,
        c1_0.organization_id,
        c1_0.phone,
        c1_0.pincode 
    from
        clinics c1_0 
    where
        c1_0.id=?
2026-08-30 12:59:44.150 [http-nio-8083-exec-7] DEBUG org.hibernate.SQL - 
    select
        u1_0.id,
        u1_0.created_at,
        u1_0.email,
        u1_0.enabled,
        u1_0.name,
        u1_0.organization_id,
        u1_0.password,
        u1_0.role 
    from
        users u1_0 
    where
        u1_0.email=?
2026-08-30 12:59:44.158 [http-nio-8083-exec-7] DEBUG org.hibernate.SQL - 
    select
        d1_0.id,
        d1_0.active,
        d1_0.consultation_fee,
        d1_0.created_at,
        d1_0.dob,
        d1_0.experience_years,
        d1_0.gender,
        d1_0.name,
        d1_0.organization_id,
        d1_0.profile_image_url,
        d1_0.qualification,
        d1_0.user_id 
    from
        doctors d1_0 
    where
        d1_0.user_id=?
2026-08-30 12:59:44.160 [http-nio-8083-exec-7] DEBUG org.hibernate.SQL - 
    select
        d1_0.id,
        d1_0.active,
        d1_0.consultation_fee,
        d1_0.created_at,
        d1_0.dob,
        d1_0.experience_years,
        d1_0.gender,
        d1_0.name,
        d1_0.organization_id,
        d1_0.profile_image_url,
        d1_0.qualification,
        d1_0.user_id 
    from
        doctors d1_0 
    where
        d1_0.id=?
2026-08-30 12:59:44.162 [http-nio-8083-exec-7] DEBUG org.hibernate.SQL - 
    select
        c1_0.id,
        c1_0.active,
        c1_0.address,
        c1_0.city,
        c1_0.clinic_name,
        c1_0.latitude,
        c1_0.longitude,
        c1_0.organization_id,
        c1_0.phone,
        c1_0.pincode 
    from
        clinics c1_0 
    where
        c1_0.id=?
2026-08-30 12:59:44.166 [http-nio-8083-exec-7] DEBUG org.hibernate.SQL - 
    select
        dca1_0.id 
    from
        doctor_clinic_assignments dca1_0 
    where
        dca1_0.doctor_id=? 
        and dca1_0.clinic_id=? 
        and dca1_0.active 
    limit
        ?
2026-08-30 12:59:44.181 [http-nio-8083-exec-7] DEBUG org.hibernate.SQL - 
    select
        da1_0.id,
        da1_0.active,
        da1_0.clinic_id,
        da1_0.day_of_week,
        da1_0.doctor_id,
        da1_0.end_time,
        da1_0.slot_duration_minutes,
        da1_0.start_time 
    from
        doctor_availability da1_0 
    where
        da1_0.doctor_id=? 
        and da1_0.day_of_week=? 
        and da1_0.active=1 
        and da1_0.start_time<? 
        and da1_0.end_time>?
2026-08-30 12:59:44.181 [http-nio-8083-exec-7] DEBUG org.hibernate.SQL - 
    insert 
    into
        doctor_availability
        (active, clinic_id, day_of_week, doctor_id, end_time, slot_duration_minutes, start_time) 
    values
        (?, ?, ?, ?, ?, ?, ?)
2026-08-30 12:59:44.181 [http-nio-8083-exec-7] DEBUG org.hibernate.SQL - 
    select
        as1_0.id,
        as1_0.clinic_id,
        as1_0.slot_date,
        as1_0.doctor_id,
        as1_0.end_time,
        as1_0.start_time,
        as1_0.status,
        as1_0.version 
    from
        appointment_slots as1_0 
    where
        as1_0.doctor_id=? 
        and as1_0.clinic_id=? 
        and as1_0.slot_date>=?
2026-08-30 12:59:44.181 [http-nio-8083-exec-7] DEBUG org.hibernate.SQL - 
    select
        da1_0.id,
        da1_0.active,
        da1_0.clinic_id,
        da1_0.day_of_week,
        da1_0.doctor_id,
        da1_0.end_time,
        da1_0.slot_duration_minutes,
        da1_0.start_time 
    from
        doctor_availability da1_0 
    where
        da1_0.doctor_id=? 
        and da1_0.clinic_id=? 
        and da1_0.day_of_week=? 
        and da1_0.active
2026-08-30 12:59:44.181 [http-nio-8083-exec-7] DEBUG org.hibernate.SQL - 
    insert 
    into
        appointment_slots
        (clinic_id, slot_date, doctor_id, end_time, start_time, status, version) 
    values
        (?, ?, ?, ?, ?, ?, ?)
2026-08-30 12:59:44.196 [http-nio-8083-exec-7] DEBUG org.hibernate.SQL - 
    insert 
    into
        appointment_slots
        (clinic_id, slot_date, doctor_id, end_time, start_time, status, version) 
    values
        (?, ?, ?, ?, ?, ?, ?)
2026-08-30 12:59:44.196 [http-nio-8083-exec-7] DEBUG org.hibernate.SQL - 
    insert 
    into
        appointment_slots
        (clinic_id, slot_date, doctor_id, end_time, start_time, status, version) 
    values
        (?, ?, ?, ?, ?, ?, ?)
2026-08-30 12:59:44.196 [http-nio-8083-exec-7] DEBUG org.hibernate.SQL - 
    insert 
    into
        appointment_slots
        (clinic_id, slot_date, doctor_id, end_time, start_time, status, version) 
    values
        (?, ?, ?, ?, ?, ?, ?)
2026-08-30 12:59:44.196 [http-nio-8083-exec-7] DEBUG org.hibernate.SQL - 
    insert 
    into
        appointment_slots
        (clinic_id, slot_date, doctor_id, end_time, start_time, status, version) 
    values
        (?, ?, ?, ?, ?, ?, ?)
2026-08-30 12:59:44.196 [http-nio-8083-exec-7] DEBUG org.hibernate.SQL - 
    insert 
    into
        appointment_slots
        (clinic_id, slot_date, doctor_id, end_time, start_time, status, version) 
    values
        (?, ?, ?, ?, ?, ?, ?)
2026-08-30 12:59:44.196 [http-nio-8083-exec-7] DEBUG org.hibernate.SQL - 
    insert 
    into
        appointment_slots
        (clinic_id, slot_date, doctor_id, end_time, start_time, status, version) 
    values
        (?, ?, ?, ?, ?, ?, ?)
2026-08-30 12:59:44.196 [http-nio-8083-exec-7] DEBUG org.hibernate.SQL - 
    insert 
    into
        appointment_slots
        (clinic_id, slot_date, doctor_id, end_time, start_time, status, version) 
    values
        (?, ?, ?, ?, ?, ?, ?)
2026-08-30 12:59:44.219 [http-nio-8083-exec-2] DEBUG org.hibernate.SQL - 
    select
        u1_0.id,
        u1_0.created_at,
        u1_0.email,
        u1_0.enabled,
        u1_0.name,
        u1_0.organization_id,
        u1_0.password,
        u1_0.role 
    from
        users u1_0 
    where
        u1_0.email=?
2026-08-30 12:59:44.220 [http-nio-8083-exec-2] DEBUG org.hibernate.SQL - 
    select
        d1_0.id,
        d1_0.active,
        d1_0.consultation_fee,
        d1_0.created_at,
        d1_0.dob,
        d1_0.experience_years,
        d1_0.gender,
        d1_0.name,
        d1_0.organization_id,
        d1_0.profile_image_url,
        d1_0.qualification,
        d1_0.user_id 
    from
        doctors d1_0 
    where
        d1_0.user_id=?
2026-08-30 12:59:44.220 [http-nio-8083-exec-2] DEBUG org.hibernate.SQL - 
    select
        da1_0.id,
        da1_0.active,
        da1_0.clinic_id,
        da1_0.day_of_week,
        da1_0.doctor_id,
        da1_0.end_time,
        da1_0.slot_duration_minutes,
        da1_0.start_time 
    from
        doctor_availability da1_0 
    where
        da1_0.doctor_id=? 
    order by
        da1_0.day_of_week,
        da1_0.start_time
2026-08-30 12:59:44.220 [http-nio-8083-exec-2] DEBUG org.hibernate.SQL - 
    select
        d1_0.id,
        d1_0.active,
        d1_0.consultation_fee,
        d1_0.created_at,
        d1_0.dob,
        d1_0.experience_years,
        d1_0.gender,
        d1_0.name,
        d1_0.organization_id,
        d1_0.profile_image_url,
        d1_0.qualification,
        d1_0.user_id 
    from
        doctors d1_0 
    where
        d1_0.id=?
2026-08-30 12:59:44.220 [http-nio-8083-exec-2] DEBUG org.hibernate.SQL - 
    select
        c1_0.id,
        c1_0.active,
        c1_0.address,
        c1_0.city,
        c1_0.clinic_name,
        c1_0.latitude,
        c1_0.longitude,
        c1_0.organization_id,
        c1_0.phone,
        c1_0.pincode 
    from
        clinics c1_0 
    where
        c1_0.id=?
2026-08-30 13:00:46.079 [http-nio-8083-exec-10] DEBUG org.hibernate.SQL - 
    select
        u1_0.id,
        u1_0.created_at,
        u1_0.email,
        u1_0.enabled,
        u1_0.name,
        u1_0.organization_id,
        u1_0.password,
        u1_0.role 
    from
        users u1_0 
    where
        u1_0.email=?
2026-08-30 13:00:46.155 [http-nio-8083-exec-10] DEBUG org.hibernate.SQL - 
    select
        u1_0.id,
        u1_0.created_at,
        u1_0.email,
        u1_0.enabled,
        u1_0.name,
        u1_0.organization_id,
        u1_0.password,
        u1_0.role 
    from
        users u1_0 
    where
        u1_0.email=?
2026-08-30 13:00:46.155 [http-nio-8083-exec-10] DEBUG org.hibernate.SQL - 
    select
        o1_0.id,
        o1_0.active,
        o1_0.created_at,
        o1_0.name,
        o1_0.slug,
        o1_0.support_phone 
    from
        organizations o1_0 
    where
        o1_0.id=?
2026-08-30 13:00:46.186 [http-nio-8083-exec-7] DEBUG org.hibernate.SQL - 
    select
        u1_0.id,
        u1_0.created_at,
        u1_0.email,
        u1_0.enabled,
        u1_0.name,
        u1_0.organization_id,
        u1_0.password,
        u1_0.role 
    from
        users u1_0 
    where
        u1_0.email=?
2026-08-30 13:00:46.191 [http-nio-8083-exec-7] DEBUG org.hibernate.SQL - 
    select
        p1_0.id,
        p1_0.created_by_clinic_admin_id,
        p1_0.dob,
        p1_0.gender,
        p1_0.name,
        p1_0.organization_id,
        p1_0.phone,
        p1_0.user_id 
    from
        patients p1_0 
    where
        p1_0.user_id=?
2026-08-30 13:00:46.198 [http-nio-8083-exec-7] DEBUG org.hibernate.SQL - 
    select
        a1_0.id,
        a1_0.appointment_date,
        a1_0.booked_by_user_id,
        a1_0.clinic_id,
        a1_0.consultation_fee,
        a1_0.created_at,
        a1_0.doctor_id,
        a1_0.end_time,
        a1_0.organization_id,
        a1_0.patient_id,
        a1_0.payment_status,
        a1_0.slot_id,
        a1_0.source,
        a1_0.start_time,
        a1_0.status 
    from
        appointments a1_0 
    where
        a1_0.patient_id=? 
    order by
        a1_0.appointment_date desc,
        a1_0.start_time desc
2026-08-30 13:00:46.201 [http-nio-8083-exec-7] DEBUG org.hibernate.SQL - 
    select
        p1_0.id,
        p1_0.created_by_clinic_admin_id,
        p1_0.dob,
        p1_0.gender,
        p1_0.name,
        p1_0.organization_id,
        p1_0.phone,
        p1_0.user_id 
    from
        patients p1_0 
    where
        p1_0.id=?
2026-08-30 13:00:46.202 [http-nio-8083-exec-7] DEBUG org.hibernate.SQL - 
    select
        d1_0.id,
        d1_0.active,
        d1_0.consultation_fee,
        d1_0.created_at,
        d1_0.dob,
        d1_0.experience_years,
        d1_0.gender,
        d1_0.name,
        d1_0.organization_id,
        d1_0.profile_image_url,
        d1_0.qualification,
        d1_0.user_id 
    from
        doctors d1_0 
    where
        d1_0.id=?
2026-08-30 13:00:46.203 [http-nio-8083-exec-7] DEBUG org.hibernate.SQL - 
    select
        c1_0.id,
        c1_0.active,
        c1_0.address,
        c1_0.city,
        c1_0.clinic_name,
        c1_0.latitude,
        c1_0.longitude,
        c1_0.organization_id,
        c1_0.phone,
        c1_0.pincode 
    from
        clinics c1_0 
    where
        c1_0.id=?
2026-08-30 13:00:46.211 [http-nio-8083-exec-2] DEBUG org.hibernate.SQL - 
    select
        u1_0.id,
        u1_0.created_at,
        u1_0.email,
        u1_0.enabled,
        u1_0.name,
        u1_0.organization_id,
        u1_0.password,
        u1_0.role 
    from
        users u1_0 
    where
        u1_0.email=?
2026-08-30 13:00:46.213 [http-nio-8083-exec-2] DEBUG org.hibernate.SQL - 
    select
        p1_0.id,
        p1_0.created_by_clinic_admin_id,
        p1_0.dob,
        p1_0.gender,
        p1_0.name,
        p1_0.organization_id,
        p1_0.phone,
        p1_0.user_id 
    from
        patients p1_0 
    where
        p1_0.user_id=?
2026-08-30 13:00:46.213 [http-nio-8083-exec-2] DEBUG org.hibernate.SQL - 
    select
        a1_0.id,
        a1_0.appointment_date,
        a1_0.booked_by_user_id,
        a1_0.clinic_id,
        a1_0.consultation_fee,
        a1_0.created_at,
        a1_0.doctor_id,
        a1_0.end_time,
        a1_0.organization_id,
        a1_0.patient_id,
        a1_0.payment_status,
        a1_0.slot_id,
        a1_0.source,
        a1_0.start_time,
        a1_0.status 
    from
        appointments a1_0 
    where
        a1_0.patient_id=? 
    order by
        a1_0.appointment_date desc,
        a1_0.start_time desc
2026-08-30 13:00:46.213 [http-nio-8083-exec-2] DEBUG org.hibernate.SQL - 
    select
        p1_0.id,
        p1_0.created_by_clinic_admin_id,
        p1_0.dob,
        p1_0.gender,
        p1_0.name,
        p1_0.organization_id,
        p1_0.phone,
        p1_0.user_id 
    from
        patients p1_0 
    where
        p1_0.id=?
2026-08-30 13:00:46.213 [http-nio-8083-exec-2] DEBUG org.hibernate.SQL - 
    select
        d1_0.id,
        d1_0.active,
        d1_0.consultation_fee,
        d1_0.created_at,
        d1_0.dob,
        d1_0.experience_years,
        d1_0.gender,
        d1_0.name,
        d1_0.organization_id,
        d1_0.profile_image_url,
        d1_0.qualification,
        d1_0.user_id 
    from
        doctors d1_0 
    where
        d1_0.id=?
2026-08-30 13:00:46.223 [http-nio-8083-exec-2] DEBUG org.hibernate.SQL - 
    select
        c1_0.id,
        c1_0.active,
        c1_0.address,
        c1_0.city,
        c1_0.clinic_name,
        c1_0.latitude,
        c1_0.longitude,
        c1_0.organization_id,
        c1_0.phone,
        c1_0.pincode 
    from
        clinics c1_0 
    where
        c1_0.id=?
2026-08-30 13:00:50.760 [http-nio-8083-exec-4] DEBUG org.hibernate.SQL - 
    select
        u1_0.id,
        u1_0.created_at,
        u1_0.email,
        u1_0.enabled,
        u1_0.name,
        u1_0.organization_id,
        u1_0.password,
        u1_0.role 
    from
        users u1_0 
    where
        u1_0.email=?
2026-08-30 13:00:50.760 [http-nio-8083-exec-4] DEBUG org.hibernate.SQL - 
    select
        c1_0.id,
        c1_0.active,
        c1_0.address,
        c1_0.city,
        c1_0.clinic_name,
        c1_0.latitude,
        c1_0.longitude,
        c1_0.organization_id,
        c1_0.phone,
        c1_0.pincode 
    from
        clinics c1_0 
    where
        c1_0.organization_id=? 
        and c1_0.active
2026-08-30 13:00:50.774 [http-nio-8083-exec-8] DEBUG org.hibernate.SQL - 
    select
        u1_0.id,
        u1_0.created_at,
        u1_0.email,
        u1_0.enabled,
        u1_0.name,
        u1_0.organization_id,
        u1_0.password,
        u1_0.role 
    from
        users u1_0 
    where
        u1_0.email=?
2026-08-30 13:00:50.777 [http-nio-8083-exec-8] DEBUG org.hibernate.SQL - 
    select
        c1_0.id,
        c1_0.active,
        c1_0.address,
        c1_0.city,
        c1_0.clinic_name,
        c1_0.latitude,
        c1_0.longitude,
        c1_0.organization_id,
        c1_0.phone,
        c1_0.pincode 
    from
        clinics c1_0 
    where
        c1_0.organization_id=? 
        and c1_0.active
2026-08-30 13:00:53.108 [http-nio-8083-exec-10] DEBUG org.hibernate.SQL - 
    select
        u1_0.id,
        u1_0.created_at,
        u1_0.email,
        u1_0.enabled,
        u1_0.name,
        u1_0.organization_id,
        u1_0.password,
        u1_0.role 
    from
        users u1_0 
    where
        u1_0.email=?
2026-08-30 13:00:53.116 [http-nio-8083-exec-10] DEBUG org.hibernate.SQL - 
    select
        dca1_0.id,
        dca1_0.active,
        dca1_0.assigned_at,
        dca1_0.clinic_id,
        dca1_0.doctor_id 
    from
        doctor_clinic_assignments dca1_0 
    where
        dca1_0.clinic_id=? 
        and dca1_0.active
2026-08-30 13:00:53.118 [http-nio-8083-exec-10] DEBUG org.hibernate.SQL - 
    select
        d1_0.id,
        d1_0.active,
        d1_0.consultation_fee,
        d1_0.created_at,
        d1_0.dob,
        d1_0.experience_years,
        d1_0.gender,
        d1_0.name,
        d1_0.organization_id,
        d1_0.profile_image_url,
        d1_0.qualification,
        d1_0.user_id 
    from
        doctors d1_0 
    where
        d1_0.id=?
2026-08-30 13:00:53.120 [http-nio-8083-exec-10] DEBUG org.hibernate.SQL - 
    select
        dca1_0.id,
        dca1_0.active,
        dca1_0.assigned_at,
        dca1_0.clinic_id,
        dca1_0.doctor_id 
    from
        doctor_clinic_assignments dca1_0 
    where
        dca1_0.doctor_id=? 
        and dca1_0.active
2026-08-30 13:00:53.120 [http-nio-8083-exec-10] DEBUG org.hibernate.SQL - 
    select
        c1_0.id,
        c1_0.active,
        c1_0.address,
        c1_0.city,
        c1_0.clinic_name,
        c1_0.latitude,
        c1_0.longitude,
        c1_0.organization_id,
        c1_0.phone,
        c1_0.pincode 
    from
        clinics c1_0 
    where
        c1_0.id=?
2026-08-30 13:00:53.120 [http-nio-8083-exec-10] DEBUG org.hibernate.SQL - 
    select
        c1_0.id,
        c1_0.active,
        c1_0.address,
        c1_0.city,
        c1_0.clinic_name,
        c1_0.latitude,
        c1_0.longitude,
        c1_0.organization_id,
        c1_0.phone,
        c1_0.pincode 
    from
        clinics c1_0 
    where
        c1_0.id=?
2026-08-30 13:00:53.120 [http-nio-8083-exec-10] DEBUG org.hibernate.SQL - 
    select
        s1_0.doctor_id,
        s1_1.id,
        s1_1.active,
        s1_1.name,
        s1_1.organization_id 
    from
        doctor_specializations s1_0 
    join
        specializations s1_1 
            on s1_1.id=s1_0.specialization_id 
    where
        s1_0.doctor_id=?
2026-08-30 13:00:55.742 [http-nio-8083-exec-1] DEBUG org.hibernate.SQL - 
    select
        u1_0.id,
        u1_0.created_at,
        u1_0.email,
        u1_0.enabled,
        u1_0.name,
        u1_0.organization_id,
        u1_0.password,
        u1_0.role 
    from
        users u1_0 
    where
        u1_0.email=?
2026-08-30 13:00:55.750 [http-nio-8083-exec-1] DEBUG org.hibernate.SQL - 
    select
        as1_0.id,
        as1_0.clinic_id,
        as1_0.slot_date,
        as1_0.doctor_id,
        as1_0.end_time,
        as1_0.start_time,
        as1_0.status,
        as1_0.version 
    from
        appointment_slots as1_0 
    where
        as1_0.doctor_id=? 
        and as1_0.clinic_id=? 
        and as1_0.slot_date=? 
    order by
        as1_0.start_time
2026-08-30 13:08:09.126 [http-nio-8083-exec-6] DEBUG org.hibernate.SQL - 
    select
        u1_0.id,
        u1_0.created_at,
        u1_0.email,
        u1_0.enabled,
        u1_0.name,
        u1_0.organization_id,
        u1_0.password,
        u1_0.role 
    from
        users u1_0 
    where
        u1_0.email=?
2026-08-30 13:08:09.208 [http-nio-8083-exec-6] DEBUG org.hibernate.SQL - 
    select
        u1_0.id,
        u1_0.created_at,
        u1_0.email,
        u1_0.enabled,
        u1_0.name,
        u1_0.organization_id,
        u1_0.password,
        u1_0.role 
    from
        users u1_0 
    where
        u1_0.email=?
2026-08-30 13:08:09.208 [http-nio-8083-exec-6] DEBUG org.hibernate.SQL - 
    select
        o1_0.id,
        o1_0.active,
        o1_0.created_at,
        o1_0.name,
        o1_0.slug,
        o1_0.support_phone 
    from
        organizations o1_0 
    where
        o1_0.id=?
2026-08-30 13:08:09.248 [http-nio-8083-exec-9] DEBUG org.hibernate.SQL - 
    select
        u1_0.id,
        u1_0.created_at,
        u1_0.email,
        u1_0.enabled,
        u1_0.name,
        u1_0.organization_id,
        u1_0.password,
        u1_0.role 
    from
        users u1_0 
    where
        u1_0.email=?
2026-08-30 13:08:09.253 [http-nio-8083-exec-9] DEBUG org.hibernate.SQL - 
    select
        d1_0.id,
        d1_0.active,
        d1_0.consultation_fee,
        d1_0.created_at,
        d1_0.dob,
        d1_0.experience_years,
        d1_0.gender,
        d1_0.name,
        d1_0.organization_id,
        d1_0.profile_image_url,
        d1_0.qualification,
        d1_0.user_id 
    from
        doctors d1_0 
    where
        d1_0.user_id=?
2026-08-30 13:08:09.256 [http-nio-8083-exec-9] DEBUG org.hibernate.SQL - 
    select
        a1_0.id,
        a1_0.appointment_date,
        a1_0.booked_by_user_id,
        a1_0.clinic_id,
        a1_0.consultation_fee,
        a1_0.created_at,
        a1_0.doctor_id,
        a1_0.end_time,
        a1_0.organization_id,
        a1_0.patient_id,
        a1_0.payment_status,
        a1_0.slot_id,
        a1_0.source,
        a1_0.start_time,
        a1_0.status 
    from
        appointments a1_0 
    where
        a1_0.doctor_id=? 
        and a1_0.appointment_date=? 
    order by
        a1_0.start_time
2026-08-30 13:08:09.263 [http-nio-8083-exec-10] DEBUG org.hibernate.SQL - 
    select
        u1_0.id,
        u1_0.created_at,
        u1_0.email,
        u1_0.enabled,
        u1_0.name,
        u1_0.organization_id,
        u1_0.password,
        u1_0.role 
    from
        users u1_0 
    where
        u1_0.email=?
2026-08-30 13:08:09.266 [http-nio-8083-exec-10] DEBUG org.hibernate.SQL - 
    select
        d1_0.id,
        d1_0.active,
        d1_0.consultation_fee,
        d1_0.created_at,
        d1_0.dob,
        d1_0.experience_years,
        d1_0.gender,
        d1_0.name,
        d1_0.organization_id,
        d1_0.profile_image_url,
        d1_0.qualification,
        d1_0.user_id 
    from
        doctors d1_0 
    where
        d1_0.user_id=?
2026-08-30 13:08:09.269 [http-nio-8083-exec-10] DEBUG org.hibernate.SQL - 
    select
        a1_0.id,
        a1_0.appointment_date,
        a1_0.booked_by_user_id,
        a1_0.clinic_id,
        a1_0.consultation_fee,
        a1_0.created_at,
        a1_0.doctor_id,
        a1_0.end_time,
        a1_0.organization_id,
        a1_0.patient_id,
        a1_0.payment_status,
        a1_0.slot_id,
        a1_0.source,
        a1_0.start_time,
        a1_0.status 
    from
        appointments a1_0 
    where
        a1_0.doctor_id=? 
        and a1_0.appointment_date=? 
    order by
        a1_0.start_time
2026-08-30 13:08:13.277 [http-nio-8083-exec-3] DEBUG org.hibernate.SQL - 
    select
        u1_0.id,
        u1_0.created_at,
        u1_0.email,
        u1_0.enabled,
        u1_0.name,
        u1_0.organization_id,
        u1_0.password,
        u1_0.role 
    from
        users u1_0 
    where
        u1_0.email=?
2026-08-30 13:08:13.277 [http-nio-8083-exec-6] DEBUG org.hibernate.SQL - 
    select
        u1_0.id,
        u1_0.created_at,
        u1_0.email,
        u1_0.enabled,
        u1_0.name,
        u1_0.organization_id,
        u1_0.password,
        u1_0.role 
    from
        users u1_0 
    where
        u1_0.email=?
2026-08-30 13:08:13.277 [http-nio-8083-exec-3] DEBUG org.hibernate.SQL - 
    select
        d1_0.id,
        d1_0.active,
        d1_0.consultation_fee,
        d1_0.created_at,
        d1_0.dob,
        d1_0.experience_years,
        d1_0.gender,
        d1_0.name,
        d1_0.organization_id,
        d1_0.profile_image_url,
        d1_0.qualification,
        d1_0.user_id 
    from
        doctors d1_0 
    where
        d1_0.user_id=?
2026-08-30 13:08:13.277 [http-nio-8083-exec-6] DEBUG org.hibernate.SQL - 
    select
        d1_0.id,
        d1_0.active,
        d1_0.consultation_fee,
        d1_0.created_at,
        d1_0.dob,
        d1_0.experience_years,
        d1_0.gender,
        d1_0.name,
        d1_0.organization_id,
        d1_0.profile_image_url,
        d1_0.qualification,
        d1_0.user_id 
    from
        doctors d1_0 
    where
        d1_0.user_id=?
2026-08-30 13:08:13.289 [http-nio-8083-exec-3] DEBUG org.hibernate.SQL - 
    select
        da1_0.id,
        da1_0.active,
        da1_0.clinic_id,
        da1_0.day_of_week,
        da1_0.doctor_id,
        da1_0.end_time,
        da1_0.slot_duration_minutes,
        da1_0.start_time 
    from
        doctor_availability da1_0 
    where
        da1_0.doctor_id=? 
    order by
        da1_0.day_of_week,
        da1_0.start_time
2026-08-30 13:08:13.291 [http-nio-8083-exec-6] DEBUG org.hibernate.SQL - 
    select
        dca1_0.id,
        dca1_0.active,
        dca1_0.assigned_at,
        dca1_0.clinic_id,
        dca1_0.doctor_id 
    from
        doctor_clinic_assignments dca1_0 
    where
        dca1_0.doctor_id=? 
        and dca1_0.active
2026-08-30 13:08:13.291 [http-nio-8083-exec-3] DEBUG org.hibernate.SQL - 
    select
        d1_0.id,
        d1_0.active,
        d1_0.consultation_fee,
        d1_0.created_at,
        d1_0.dob,
        d1_0.experience_years,
        d1_0.gender,
        d1_0.name,
        d1_0.organization_id,
        d1_0.profile_image_url,
        d1_0.qualification,
        d1_0.user_id 
    from
        doctors d1_0 
    where
        d1_0.id=?
2026-08-30 13:08:13.292 [http-nio-8083-exec-6] DEBUG org.hibernate.SQL - 
    select
        c1_0.id,
        c1_0.active,
        c1_0.address,
        c1_0.city,
        c1_0.clinic_name,
        c1_0.latitude,
        c1_0.longitude,
        c1_0.organization_id,
        c1_0.phone,
        c1_0.pincode 
    from
        clinics c1_0 
    where
        c1_0.id=?
2026-08-30 13:08:13.292 [http-nio-8083-exec-3] DEBUG org.hibernate.SQL - 
    select
        c1_0.id,
        c1_0.active,
        c1_0.address,
        c1_0.city,
        c1_0.clinic_name,
        c1_0.latitude,
        c1_0.longitude,
        c1_0.organization_id,
        c1_0.phone,
        c1_0.pincode 
    from
        clinics c1_0 
    where
        c1_0.id=?
2026-08-30 13:08:13.292 [http-nio-8083-exec-6] DEBUG org.hibernate.SQL - 
    select
        c1_0.id,
        c1_0.active,
        c1_0.address,
        c1_0.city,
        c1_0.clinic_name,
        c1_0.latitude,
        c1_0.longitude,
        c1_0.organization_id,
        c1_0.phone,
        c1_0.pincode 
    from
        clinics c1_0 
    where
        c1_0.id=?
2026-08-30 13:08:13.297 [http-nio-8083-exec-4] DEBUG org.hibernate.SQL - 
    select
        u1_0.id,
        u1_0.created_at,
        u1_0.email,
        u1_0.enabled,
        u1_0.name,
        u1_0.organization_id,
        u1_0.password,
        u1_0.role 
    from
        users u1_0 
    where
        u1_0.email=?
2026-08-30 13:08:13.297 [http-nio-8083-exec-8] DEBUG org.hibernate.SQL - 
    select
        u1_0.id,
        u1_0.created_at,
        u1_0.email,
        u1_0.enabled,
        u1_0.name,
        u1_0.organization_id,
        u1_0.password,
        u1_0.role 
    from
        users u1_0 
    where
        u1_0.email=?
2026-08-30 13:08:13.299 [http-nio-8083-exec-8] DEBUG org.hibernate.SQL - 
    select
        d1_0.id,
        d1_0.active,
        d1_0.consultation_fee,
        d1_0.created_at,
        d1_0.dob,
        d1_0.experience_years,
        d1_0.gender,
        d1_0.name,
        d1_0.organization_id,
        d1_0.profile_image_url,
        d1_0.qualification,
        d1_0.user_id 
    from
        doctors d1_0 
    where
        d1_0.user_id=?
2026-08-30 13:08:13.299 [http-nio-8083-exec-4] DEBUG org.hibernate.SQL - 
    select
        d1_0.id,
        d1_0.active,
        d1_0.consultation_fee,
        d1_0.created_at,
        d1_0.dob,
        d1_0.experience_years,
        d1_0.gender,
        d1_0.name,
        d1_0.organization_id,
        d1_0.profile_image_url,
        d1_0.qualification,
        d1_0.user_id 
    from
        doctors d1_0 
    where
        d1_0.user_id=?
2026-08-30 13:08:13.302 [http-nio-8083-exec-8] DEBUG org.hibernate.SQL - 
    select
        dca1_0.id,
        dca1_0.active,
        dca1_0.assigned_at,
        dca1_0.clinic_id,
        dca1_0.doctor_id 
    from
        doctor_clinic_assignments dca1_0 
    where
        dca1_0.doctor_id=? 
        and dca1_0.active
2026-08-30 13:08:13.302 [http-nio-8083-exec-4] DEBUG org.hibernate.SQL - 
    select
        da1_0.id,
        da1_0.active,
        da1_0.clinic_id,
        da1_0.day_of_week,
        da1_0.doctor_id,
        da1_0.end_time,
        da1_0.slot_duration_minutes,
        da1_0.start_time 
    from
        doctor_availability da1_0 
    where
        da1_0.doctor_id=? 
    order by
        da1_0.day_of_week,
        da1_0.start_time
2026-08-30 13:08:13.304 [http-nio-8083-exec-4] DEBUG org.hibernate.SQL - 
    select
        d1_0.id,
        d1_0.active,
        d1_0.consultation_fee,
        d1_0.created_at,
        d1_0.dob,
        d1_0.experience_years,
        d1_0.gender,
        d1_0.name,
        d1_0.organization_id,
        d1_0.profile_image_url,
        d1_0.qualification,
        d1_0.user_id 
    from
        doctors d1_0 
    where
        d1_0.id=?
2026-08-30 13:08:13.304 [http-nio-8083-exec-8] DEBUG org.hibernate.SQL - 
    select
        c1_0.id,
        c1_0.active,
        c1_0.address,
        c1_0.city,
        c1_0.clinic_name,
        c1_0.latitude,
        c1_0.longitude,
        c1_0.organization_id,
        c1_0.phone,
        c1_0.pincode 
    from
        clinics c1_0 
    where
        c1_0.id=?
2026-08-30 13:08:13.306 [http-nio-8083-exec-4] DEBUG org.hibernate.SQL - 
    select
        c1_0.id,
        c1_0.active,
        c1_0.address,
        c1_0.city,
        c1_0.clinic_name,
        c1_0.latitude,
        c1_0.longitude,
        c1_0.organization_id,
        c1_0.phone,
        c1_0.pincode 
    from
        clinics c1_0 
    where
        c1_0.id=?
2026-08-30 13:08:13.306 [http-nio-8083-exec-8] DEBUG org.hibernate.SQL - 
    select
        c1_0.id,
        c1_0.active,
        c1_0.address,
        c1_0.city,
        c1_0.clinic_name,
        c1_0.latitude,
        c1_0.longitude,
        c1_0.organization_id,
        c1_0.phone,
        c1_0.pincode 
    from
        clinics c1_0 
    where
        c1_0.id=?
2026-08-30 13:10:05.455 [http-nio-8083-exec-1] DEBUG org.hibernate.SQL - 
    select
        u1_0.id,
        u1_0.created_at,
        u1_0.email,
        u1_0.enabled,
        u1_0.name,
        u1_0.organization_id,
        u1_0.password,
        u1_0.role 
    from
        users u1_0 
    where
        u1_0.email=?
2026-08-30 13:10:05.532 [http-nio-8083-exec-1] WARN  o.s.w.s.m.m.a.ExceptionHandlerExceptionResolver - Resolved [org.springframework.security.authentication.BadCredentialsException: Bad credentials]
2026-08-30 13:10:07.051 [http-nio-8083-exec-3] DEBUG org.hibernate.SQL - 
    select
        u1_0.id,
        u1_0.created_at,
        u1_0.email,
        u1_0.enabled,
        u1_0.name,
        u1_0.organization_id,
        u1_0.password,
        u1_0.role 
    from
        users u1_0 
    where
        u1_0.email=?
2026-08-30 13:10:07.131 [http-nio-8083-exec-3] DEBUG org.hibernate.SQL - 
    select
        u1_0.id,
        u1_0.created_at,
        u1_0.email,
        u1_0.enabled,
        u1_0.name,
        u1_0.organization_id,
        u1_0.password,
        u1_0.role 
    from
        users u1_0 
    where
        u1_0.email=?
2026-08-30 13:10:07.131 [http-nio-8083-exec-3] DEBUG org.hibernate.SQL - 
    select
        o1_0.id,
        o1_0.active,
        o1_0.created_at,
        o1_0.name,
        o1_0.slug,
        o1_0.support_phone 
    from
        organizations o1_0 
    where
        o1_0.id=?
2026-08-30 13:10:07.153 [http-nio-8083-exec-8] DEBUG org.hibernate.SQL - 
    select
        u1_0.id,
        u1_0.created_at,
        u1_0.email,
        u1_0.enabled,
        u1_0.name,
        u1_0.organization_id,
        u1_0.password,
        u1_0.role 
    from
        users u1_0 
    where
        u1_0.email=?
2026-08-30 13:10:07.158 [http-nio-8083-exec-8] DEBUG org.hibernate.SQL - 
    select
        ca1_0.id,
        ca1_0.clinic_id,
        ca1_0.created_at,
        ca1_0.name,
        ca1_0.organization_id,
        ca1_0.phone,
        ca1_0.user_id 
    from
        clinic_admins ca1_0 
    where
        ca1_0.user_id=?
2026-08-30 13:10:07.160 [http-nio-8083-exec-8] DEBUG org.hibernate.SQL - 
    select
        c1_0.id,
        c1_0.active,
        c1_0.address,
        c1_0.city,
        c1_0.clinic_name,
        c1_0.latitude,
        c1_0.longitude,
        c1_0.organization_id,
        c1_0.phone,
        c1_0.pincode 
    from
        clinics c1_0 
    where
        c1_0.id=?
2026-08-30 13:10:07.163 [http-nio-8083-exec-8] DEBUG org.hibernate.SQL - 
    select
        a1_0.id,
        a1_0.appointment_date,
        a1_0.booked_by_user_id,
        a1_0.clinic_id,
        a1_0.consultation_fee,
        a1_0.created_at,
        a1_0.doctor_id,
        a1_0.end_time,
        a1_0.organization_id,
        a1_0.patient_id,
        a1_0.payment_status,
        a1_0.slot_id,
        a1_0.source,
        a1_0.start_time,
        a1_0.status 
    from
        appointments a1_0 
    where
        a1_0.organization_id=? 
        and a1_0.clinic_id=? 
        and a1_0.appointment_date between ? and ?
2026-08-30 13:10:07.168 [http-nio-8083-exec-8] DEBUG org.hibernate.SQL - 
    select
        da1_0.id,
        da1_0.active,
        da1_0.clinic_id,
        da1_0.day_of_week,
        da1_0.doctor_id,
        da1_0.end_time,
        da1_0.slot_duration_minutes,
        da1_0.start_time 
    from
        doctor_availability da1_0 
    where
        da1_0.clinic_id=? 
    order by
        da1_0.day_of_week,
        da1_0.start_time
2026-08-30 13:10:07.169 [http-nio-8083-exec-8] DEBUG org.hibernate.SQL - 
    select
        d1_0.id,
        d1_0.active,
        d1_0.consultation_fee,
        d1_0.created_at,
        d1_0.dob,
        d1_0.experience_years,
        d1_0.gender,
        d1_0.name,
        d1_0.organization_id,
        d1_0.profile_image_url,
        d1_0.qualification,
        d1_0.user_id 
    from
        doctors d1_0 
    where
        d1_0.id=?
2026-08-30 13:10:07.171 [http-nio-8083-exec-8] DEBUG org.hibernate.SQL - 
    select
        as1_0.id,
        as1_0.clinic_id,
        as1_0.slot_date,
        as1_0.doctor_id,
        as1_0.end_time,
        as1_0.start_time,
        as1_0.status,
        as1_0.version 
    from
        appointment_slots as1_0 
    where
        as1_0.doctor_id=? 
        and as1_0.clinic_id=? 
        and as1_0.slot_date=? 
    order by
        as1_0.start_time
2026-08-30 13:10:07.174 [http-nio-8083-exec-8] DEBUG org.hibernate.SQL - 
    select
        d1_0.id,
        d1_0.active,
        d1_0.consultation_fee,
        d1_0.created_at,
        d1_0.dob,
        d1_0.experience_years,
        d1_0.gender,
        d1_0.name,
        d1_0.organization_id,
        d1_0.profile_image_url,
        d1_0.qualification,
        d1_0.user_id 
    from
        doctors d1_0 
    where
        d1_0.organization_id=? 
        and d1_0.active
2026-08-30 13:10:07.179 [http-nio-8083-exec-10] DEBUG org.hibernate.SQL - 
    select
        u1_0.id,
        u1_0.created_at,
        u1_0.email,
        u1_0.enabled,
        u1_0.name,
        u1_0.organization_id,
        u1_0.password,
        u1_0.role 
    from
        users u1_0 
    where
        u1_0.email=?
2026-08-30 13:10:07.183 [http-nio-8083-exec-10] DEBUG org.hibernate.SQL - 
    select
        ca1_0.id,
        ca1_0.clinic_id,
        ca1_0.created_at,
        ca1_0.name,
        ca1_0.organization_id,
        ca1_0.phone,
        ca1_0.user_id 
    from
        clinic_admins ca1_0 
    where
        ca1_0.user_id=?
2026-08-30 13:10:07.185 [http-nio-8083-exec-10] DEBUG org.hibernate.SQL - 
    select
        c1_0.id,
        c1_0.active,
        c1_0.address,
        c1_0.city,
        c1_0.clinic_name,
        c1_0.latitude,
        c1_0.longitude,
        c1_0.organization_id,
        c1_0.phone,
        c1_0.pincode 
    from
        clinics c1_0 
    where
        c1_0.id=?
2026-08-30 13:10:07.185 [http-nio-8083-exec-10] DEBUG org.hibernate.SQL - 
    select
        a1_0.id,
        a1_0.appointment_date,
        a1_0.booked_by_user_id,
        a1_0.clinic_id,
        a1_0.consultation_fee,
        a1_0.created_at,
        a1_0.doctor_id,
        a1_0.end_time,
        a1_0.organization_id,
        a1_0.patient_id,
        a1_0.payment_status,
        a1_0.slot_id,
        a1_0.source,
        a1_0.start_time,
        a1_0.status 
    from
        appointments a1_0 
    where
        a1_0.organization_id=? 
        and a1_0.clinic_id=? 
        and a1_0.appointment_date between ? and ?
2026-08-30 13:10:07.185 [http-nio-8083-exec-10] DEBUG org.hibernate.SQL - 
    select
        da1_0.id,
        da1_0.active,
        da1_0.clinic_id,
        da1_0.day_of_week,
        da1_0.doctor_id,
        da1_0.end_time,
        da1_0.slot_duration_minutes,
        da1_0.start_time 
    from
        doctor_availability da1_0 
    where
        da1_0.clinic_id=? 
    order by
        da1_0.day_of_week,
        da1_0.start_time
2026-08-30 13:10:07.185 [http-nio-8083-exec-10] DEBUG org.hibernate.SQL - 
    select
        d1_0.id,
        d1_0.active,
        d1_0.consultation_fee,
        d1_0.created_at,
        d1_0.dob,
        d1_0.experience_years,
        d1_0.gender,
        d1_0.name,
        d1_0.organization_id,
        d1_0.profile_image_url,
        d1_0.qualification,
        d1_0.user_id 
    from
        doctors d1_0 
    where
        d1_0.id=?
2026-08-30 13:10:07.185 [http-nio-8083-exec-10] DEBUG org.hibernate.SQL - 
    select
        as1_0.id,
        as1_0.clinic_id,
        as1_0.slot_date,
        as1_0.doctor_id,
        as1_0.end_time,
        as1_0.start_time,
        as1_0.status,
        as1_0.version 
    from
        appointment_slots as1_0 
    where
        as1_0.doctor_id=? 
        and as1_0.clinic_id=? 
        and as1_0.slot_date=? 
    order by
        as1_0.start_time
2026-08-30 13:10:07.185 [http-nio-8083-exec-10] DEBUG org.hibernate.SQL - 
    select
        d1_0.id,
        d1_0.active,
        d1_0.consultation_fee,
        d1_0.created_at,
        d1_0.dob,
        d1_0.experience_years,
        d1_0.gender,
        d1_0.name,
        d1_0.organization_id,
        d1_0.profile_image_url,
        d1_0.qualification,
        d1_0.user_id 
    from
        doctors d1_0 
    where
        d1_0.organization_id=? 
        and d1_0.active
2026-08-30 13:16:17.640 [http-nio-8083-exec-1] DEBUG org.hibernate.SQL - 
    select
        u1_0.id,
        u1_0.created_at,
        u1_0.email,
        u1_0.enabled,
        u1_0.name,
        u1_0.organization_id,
        u1_0.password,
        u1_0.role 
    from
        users u1_0 
    where
        u1_0.email=?
2026-08-30 13:16:17.640 [http-nio-8083-exec-1] DEBUG org.hibernate.SQL - 
    select
        ca1_0.id,
        ca1_0.clinic_id,
        ca1_0.created_at,
        ca1_0.name,
        ca1_0.organization_id,
        ca1_0.phone,
        ca1_0.user_id 
    from
        clinic_admins ca1_0 
    where
        ca1_0.user_id=?
2026-08-30 13:16:17.655 [http-nio-8083-exec-1] DEBUG org.hibernate.SQL - 
    select
        dca1_0.id,
        dca1_0.active,
        dca1_0.assigned_at,
        dca1_0.clinic_id,
        dca1_0.doctor_id 
    from
        doctor_clinic_assignments dca1_0 
    where
        dca1_0.clinic_id=? 
        and dca1_0.active
2026-08-30 13:16:17.657 [http-nio-8083-exec-1] DEBUG org.hibernate.SQL - 
    select
        d1_0.id,
        d1_0.active,
        d1_0.consultation_fee,
        d1_0.created_at,
        d1_0.dob,
        d1_0.experience_years,
        d1_0.gender,
        d1_0.name,
        d1_0.organization_id,
        d1_0.profile_image_url,
        d1_0.qualification,
        d1_0.user_id 
    from
        doctors d1_0 
    where
        d1_0.id=?
2026-08-30 13:16:17.660 [http-nio-8083-exec-1] DEBUG org.hibernate.SQL - 
    select
        dca1_0.id,
        dca1_0.active,
        dca1_0.assigned_at,
        dca1_0.clinic_id,
        dca1_0.doctor_id 
    from
        doctor_clinic_assignments dca1_0 
    where
        dca1_0.doctor_id=? 
        and dca1_0.active
2026-08-30 13:16:17.661 [http-nio-8083-exec-1] DEBUG org.hibernate.SQL - 
    select
        c1_0.id,
        c1_0.active,
        c1_0.address,
        c1_0.city,
        c1_0.clinic_name,
        c1_0.latitude,
        c1_0.longitude,
        c1_0.organization_id,
        c1_0.phone,
        c1_0.pincode 
    from
        clinics c1_0 
    where
        c1_0.id=?
2026-08-30 13:16:17.662 [http-nio-8083-exec-1] DEBUG org.hibernate.SQL - 
    select
        c1_0.id,
        c1_0.active,
        c1_0.address,
        c1_0.city,
        c1_0.clinic_name,
        c1_0.latitude,
        c1_0.longitude,
        c1_0.organization_id,
        c1_0.phone,
        c1_0.pincode 
    from
        clinics c1_0 
    where
        c1_0.id=?
2026-08-30 13:16:17.663 [http-nio-8083-exec-1] DEBUG org.hibernate.SQL - 
    select
        s1_0.doctor_id,
        s1_1.id,
        s1_1.active,
        s1_1.name,
        s1_1.organization_id 
    from
        doctor_specializations s1_0 
    join
        specializations s1_1 
            on s1_1.id=s1_0.specialization_id 
    where
        s1_0.doctor_id=?
2026-08-30 13:16:17.670 [http-nio-8083-exec-3] DEBUG org.hibernate.SQL - 
    select
        u1_0.id,
        u1_0.created_at,
        u1_0.email,
        u1_0.enabled,
        u1_0.name,
        u1_0.organization_id,
        u1_0.password,
        u1_0.role 
    from
        users u1_0 
    where
        u1_0.email=?
2026-08-30 13:16:17.672 [http-nio-8083-exec-3] DEBUG org.hibernate.SQL - 
    select
        ca1_0.id,
        ca1_0.clinic_id,
        ca1_0.created_at,
        ca1_0.name,
        ca1_0.organization_id,
        ca1_0.phone,
        ca1_0.user_id 
    from
        clinic_admins ca1_0 
    where
        ca1_0.user_id=?
2026-08-30 13:16:17.674 [http-nio-8083-exec-3] DEBUG org.hibernate.SQL - 
    select
        dca1_0.id,
        dca1_0.active,
        dca1_0.assigned_at,
        dca1_0.clinic_id,
        dca1_0.doctor_id 
    from
        doctor_clinic_assignments dca1_0 
    where
        dca1_0.clinic_id=? 
        and dca1_0.active
2026-08-30 13:16:17.676 [http-nio-8083-exec-3] DEBUG org.hibernate.SQL - 
    select
        d1_0.id,
        d1_0.active,
        d1_0.consultation_fee,
        d1_0.created_at,
        d1_0.dob,
        d1_0.experience_years,
        d1_0.gender,
        d1_0.name,
        d1_0.organization_id,
        d1_0.profile_image_url,
        d1_0.qualification,
        d1_0.user_id 
    from
        doctors d1_0 
    where
        d1_0.id=?
2026-08-30 13:16:17.678 [http-nio-8083-exec-3] DEBUG org.hibernate.SQL - 
    select
        dca1_0.id,
        dca1_0.active,
        dca1_0.assigned_at,
        dca1_0.clinic_id,
        dca1_0.doctor_id 
    from
        doctor_clinic_assignments dca1_0 
    where
        dca1_0.doctor_id=? 
        and dca1_0.active
2026-08-30 13:16:17.679 [http-nio-8083-exec-3] DEBUG org.hibernate.SQL - 
    select
        c1_0.id,
        c1_0.active,
        c1_0.address,
        c1_0.city,
        c1_0.clinic_name,
        c1_0.latitude,
        c1_0.longitude,
        c1_0.organization_id,
        c1_0.phone,
        c1_0.pincode 
    from
        clinics c1_0 
    where
        c1_0.id=?
2026-08-30 13:16:17.680 [http-nio-8083-exec-3] DEBUG org.hibernate.SQL - 
    select
        c1_0.id,
        c1_0.active,
        c1_0.address,
        c1_0.city,
        c1_0.clinic_name,
        c1_0.latitude,
        c1_0.longitude,
        c1_0.organization_id,
        c1_0.phone,
        c1_0.pincode 
    from
        clinics c1_0 
    where
        c1_0.id=?
2026-08-30 13:16:17.681 [http-nio-8083-exec-3] DEBUG org.hibernate.SQL - 
    select
        s1_0.doctor_id,
        s1_1.id,
        s1_1.active,
        s1_1.name,
        s1_1.organization_id 
    from
        doctor_specializations s1_0 
    join
        specializations s1_1 
            on s1_1.id=s1_0.specialization_id 
    where
        s1_0.doctor_id=?
2026-08-30 13:16:20.289 [http-nio-8083-exec-8] DEBUG org.hibernate.SQL - 
    select
        u1_0.id,
        u1_0.created_at,
        u1_0.email,
        u1_0.enabled,
        u1_0.name,
        u1_0.organization_id,
        u1_0.password,
        u1_0.role 
    from
        users u1_0 
    where
        u1_0.email=?
2026-08-30 13:16:20.303 [http-nio-8083-exec-8] DEBUG org.hibernate.SQL - 
    select
        ca1_0.id,
        ca1_0.clinic_id,
        ca1_0.created_at,
        ca1_0.name,
        ca1_0.organization_id,
        ca1_0.phone,
        ca1_0.user_id 
    from
        clinic_admins ca1_0 
    where
        ca1_0.user_id=?
2026-08-30 13:16:20.308 [http-nio-8083-exec-8] DEBUG org.hibernate.SQL - 
    select
        a1_0.id,
        a1_0.appointment_date,
        a1_0.booked_by_user_id,
        a1_0.clinic_id,
        a1_0.consultation_fee,
        a1_0.created_at,
        a1_0.doctor_id,
        a1_0.end_time,
        a1_0.organization_id,
        a1_0.patient_id,
        a1_0.payment_status,
        a1_0.slot_id,
        a1_0.source,
        a1_0.start_time,
        a1_0.status 
    from
        appointments a1_0 
    where
        a1_0.clinic_id=? 
        and a1_0.appointment_date=? 
    order by
        a1_0.start_time
2026-08-30 13:16:20.313 [http-nio-8083-exec-10] DEBUG org.hibernate.SQL - 
    select
        u1_0.id,
        u1_0.created_at,
        u1_0.email,
        u1_0.enabled,
        u1_0.name,
        u1_0.organization_id,
        u1_0.password,
        u1_0.role 
    from
        users u1_0 
    where
        u1_0.email=?
2026-08-30 13:16:20.316 [http-nio-8083-exec-10] DEBUG org.hibernate.SQL - 
    select
        ca1_0.id,
        ca1_0.clinic_id,
        ca1_0.created_at,
        ca1_0.name,
        ca1_0.organization_id,
        ca1_0.phone,
        ca1_0.user_id 
    from
        clinic_admins ca1_0 
    where
        ca1_0.user_id=?
2026-08-30 13:16:20.319 [http-nio-8083-exec-10] DEBUG org.hibernate.SQL - 
    select
        a1_0.id,
        a1_0.appointment_date,
        a1_0.booked_by_user_id,
        a1_0.clinic_id,
        a1_0.consultation_fee,
        a1_0.created_at,
        a1_0.doctor_id,
        a1_0.end_time,
        a1_0.organization_id,
        a1_0.patient_id,
        a1_0.payment_status,
        a1_0.slot_id,
        a1_0.source,
        a1_0.start_time,
        a1_0.status 
    from
        appointments a1_0 
    where
        a1_0.clinic_id=? 
        and a1_0.appointment_date=? 
    order by
        a1_0.start_time
2026-08-30 13:16:22.892 [http-nio-8083-exec-2] DEBUG org.hibernate.SQL - 
    select
        u1_0.id,
        u1_0.created_at,
        u1_0.email,
        u1_0.enabled,
        u1_0.name,
        u1_0.organization_id,
        u1_0.password,
        u1_0.role 
    from
        users u1_0 
    where
        u1_0.email=?
2026-08-30 13:16:22.898 [http-nio-8083-exec-2] DEBUG org.hibernate.SQL - 
    select
        ca1_0.id,
        ca1_0.clinic_id,
        ca1_0.created_at,
        ca1_0.name,
        ca1_0.organization_id,
        ca1_0.phone,
        ca1_0.user_id 
    from
        clinic_admins ca1_0 
    where
        ca1_0.user_id=?
2026-08-30 13:16:22.902 [http-nio-8083-exec-2] DEBUG org.hibernate.SQL - 
    select
        c1_0.id,
        c1_0.active,
        c1_0.address,
        c1_0.city,
        c1_0.clinic_name,
        c1_0.latitude,
        c1_0.longitude,
        c1_0.organization_id,
        c1_0.phone,
        c1_0.pincode 
    from
        clinics c1_0 
    where
        c1_0.id=?
2026-08-30 13:16:22.904 [http-nio-8083-exec-2] DEBUG org.hibernate.SQL - 
    select
        a1_0.id,
        a1_0.appointment_date,
        a1_0.booked_by_user_id,
        a1_0.clinic_id,
        a1_0.consultation_fee,
        a1_0.created_at,
        a1_0.doctor_id,
        a1_0.end_time,
        a1_0.organization_id,
        a1_0.patient_id,
        a1_0.payment_status,
        a1_0.slot_id,
        a1_0.source,
        a1_0.start_time,
        a1_0.status 
    from
        appointments a1_0 
    where
        a1_0.organization_id=? 
        and a1_0.clinic_id=? 
        and a1_0.appointment_date between ? and ?
2026-08-30 13:16:22.905 [http-nio-8083-exec-2] DEBUG org.hibernate.SQL - 
    select
        da1_0.id,
        da1_0.active,
        da1_0.clinic_id,
        da1_0.day_of_week,
        da1_0.doctor_id,
        da1_0.end_time,
        da1_0.slot_duration_minutes,
        da1_0.start_time 
    from
        doctor_availability da1_0 
    where
        da1_0.clinic_id=? 
    order by
        da1_0.day_of_week,
        da1_0.start_time
2026-08-30 13:16:22.907 [http-nio-8083-exec-2] DEBUG org.hibernate.SQL - 
    select
        d1_0.id,
        d1_0.active,
        d1_0.consultation_fee,
        d1_0.created_at,
        d1_0.dob,
        d1_0.experience_years,
        d1_0.gender,
        d1_0.name,
        d1_0.organization_id,
        d1_0.profile_image_url,
        d1_0.qualification,
        d1_0.user_id 
    from
        doctors d1_0 
    where
        d1_0.id=?
2026-08-30 13:16:22.909 [http-nio-8083-exec-2] DEBUG org.hibernate.SQL - 
    select
        as1_0.id,
        as1_0.clinic_id,
        as1_0.slot_date,
        as1_0.doctor_id,
        as1_0.end_time,
        as1_0.start_time,
        as1_0.status,
        as1_0.version 
    from
        appointment_slots as1_0 
    where
        as1_0.doctor_id=? 
        and as1_0.clinic_id=? 
        and as1_0.slot_date=? 
    order by
        as1_0.start_time
2026-08-30 13:16:22.911 [http-nio-8083-exec-2] DEBUG org.hibernate.SQL - 
    select
        d1_0.id,
        d1_0.active,
        d1_0.consultation_fee,
        d1_0.created_at,
        d1_0.dob,
        d1_0.experience_years,
        d1_0.gender,
        d1_0.name,
        d1_0.organization_id,
        d1_0.profile_image_url,
        d1_0.qualification,
        d1_0.user_id 
    from
        doctors d1_0 
    where
        d1_0.organization_id=? 
        and d1_0.active
2026-08-30 13:16:22.918 [http-nio-8083-exec-9] DEBUG org.hibernate.SQL - 
    select
        u1_0.id,
        u1_0.created_at,
        u1_0.email,
        u1_0.enabled,
        u1_0.name,
        u1_0.organization_id,
        u1_0.password,
        u1_0.role 
    from
        users u1_0 
    where
        u1_0.email=?
2026-08-30 13:16:22.921 [http-nio-8083-exec-9] DEBUG org.hibernate.SQL - 
    select
        ca1_0.id,
        ca1_0.clinic_id,
        ca1_0.created_at,
        ca1_0.name,
        ca1_0.organization_id,
        ca1_0.phone,
        ca1_0.user_id 
    from
        clinic_admins ca1_0 
    where
        ca1_0.user_id=?
2026-08-30 13:16:22.923 [http-nio-8083-exec-9] DEBUG org.hibernate.SQL - 
    select
        c1_0.id,
        c1_0.active,
        c1_0.address,
        c1_0.city,
        c1_0.clinic_name,
        c1_0.latitude,
        c1_0.longitude,
        c1_0.organization_id,
        c1_0.phone,
        c1_0.pincode 
    from
        clinics c1_0 
    where
        c1_0.id=?
2026-08-30 13:16:22.924 [http-nio-8083-exec-9] DEBUG org.hibernate.SQL - 
    select
        a1_0.id,
        a1_0.appointment_date,
        a1_0.booked_by_user_id,
        a1_0.clinic_id,
        a1_0.consultation_fee,
        a1_0.created_at,
        a1_0.doctor_id,
        a1_0.end_time,
        a1_0.organization_id,
        a1_0.patient_id,
        a1_0.payment_status,
        a1_0.slot_id,
        a1_0.source,
        a1_0.start_time,
        a1_0.status 
    from
        appointments a1_0 
    where
        a1_0.organization_id=? 
        and a1_0.clinic_id=? 
        and a1_0.appointment_date between ? and ?
2026-08-30 13:16:22.926 [http-nio-8083-exec-9] DEBUG org.hibernate.SQL - 
    select
        da1_0.id,
        da1_0.active,
        da1_0.clinic_id,
        da1_0.day_of_week,
        da1_0.doctor_id,
        da1_0.end_time,
        da1_0.slot_duration_minutes,
        da1_0.start_time 
    from
        doctor_availability da1_0 
    where
        da1_0.clinic_id=? 
    order by
        da1_0.day_of_week,
        da1_0.start_time
2026-08-30 13:16:22.927 [http-nio-8083-exec-9] DEBUG org.hibernate.SQL - 
    select
        d1_0.id,
        d1_0.active,
        d1_0.consultation_fee,
        d1_0.created_at,
        d1_0.dob,
        d1_0.experience_years,
        d1_0.gender,
        d1_0.name,
        d1_0.organization_id,
        d1_0.profile_image_url,
        d1_0.qualification,
        d1_0.user_id 
    from
        doctors d1_0 
    where
        d1_0.id=?
2026-08-30 13:16:22.929 [http-nio-8083-exec-9] DEBUG org.hibernate.SQL - 
    select
        as1_0.id,
        as1_0.clinic_id,
        as1_0.slot_date,
        as1_0.doctor_id,
        as1_0.end_time,
        as1_0.start_time,
        as1_0.status,
        as1_0.version 
    from
        appointment_slots as1_0 
    where
        as1_0.doctor_id=? 
        and as1_0.clinic_id=? 
        and as1_0.slot_date=? 
    order by
        as1_0.start_time
2026-08-30 13:16:22.931 [http-nio-8083-exec-9] DEBUG org.hibernate.SQL - 
    select
        d1_0.id,
        d1_0.active,
        d1_0.consultation_fee,
        d1_0.created_at,
        d1_0.dob,
        d1_0.experience_years,
        d1_0.gender,
        d1_0.name,
        d1_0.organization_id,
        d1_0.profile_image_url,
        d1_0.qualification,
        d1_0.user_id 
    from
        doctors d1_0 
    where
        d1_0.organization_id=? 
        and d1_0.active
2026-08-30 22:39:23.783 [HikariPool-1 housekeeper] WARN  com.zaxxer.hikari.pool.HikariPool - HikariPool-1 - Thread starvation or clock leap detected (housekeeper delta=8h24m26s427ms410µs300ns).
